accession_number,CIK,AccountingStandard,EntityName,FiscalYearEnd,FiscalYearFocus,IncorporationCountry,TotalAssets,TotalAssetsCurrency,AuditFees,AuditFeeCurrency,AuditFeesUSD,TotalAssetsUSD
0001104659-26-076131,0001038683,International Financial Reporting Standards,Ryanair Holdings plc,--03-31,2026,L2,19395500000,EUR,1000000,EUR,1149800.0,22300945900.0
0001004315-26-000006,0001004315,International Financial Reporting Standards,NATIONAL GRID PLC,--03-31,2026,X0,108281000000,GBP,18100000,GBP,23967132.31144841,143380389713.58813
0001193125-26-235425,0000839923,International Financial Reporting Standards,VODAFONE GROUP PUBLIC LIMITED COMPANY,--03-31,2026,X0,129918000000,EUR,11000000,EUR,12647800.0,149379716400.0
0001213900-26-057974,0001939965,International Financial Reporting Standards,Brera Holdings PLC,--12-31,2025,L2,164339000,EUR,645000,EUR,757875.0,193098325.0
0001213900-26-057231,0001546383,International Financial Reporting Standards,JX Luxventure group inc.,--12-31,2025,1T,6845104,USD,248989,USD,248989,6845104
0001213900-26-050335,0001871983,International Financial Reporting Standards,ANGHAMI INC.,--12-31,2025,E9,113867236,USD,545000,USD,545000,113867236
0001104659-26-051793,0001841675,International Financial Reporting Standards,ARGO BLOCKCHAIN PLC,--12-31,2025,X0,22730000,USD,437000,USD,437000,22730000
0001062993-26-002230,0000868822,International Financial Reporting Standards,CANAGOLD RESOURCES LTD.,--12-31,2025,Z4,38423000,USD,116000,USD,116000,38423000
0001193125-26-194102,0001816007,International Financial Reporting Standards,Lufax Holding Ltd,--12-31,2025,E9,208114647000,CNY,158861000,CNY,22691118.013177406,29726326885.43921
0001193125-26-168210,0001799207,International Financial Reporting Standards,Auna S.A.,--12-31,2025,N4,17527000,PEN,10466000,PEN,,
0001213900-26-039540,0001872529,International Financial Reporting Standards,MDXHEALTH SA,--12-31,2025,C9,147953000,USD,530000,USD,530000,147953000
0001830487-26-000013,0001830487,International Financial Reporting Standards,Pharvaris N.V.,--12-31,2025,P7,301454999,EUR,2626525,EUR,3086166.875,354209623.825
0001598599-26-000005,0001598599,International Financial Reporting Standards,Innate Pharma SA,--12-31,2025,I0,62719000,EUR,516000,EUR,606300.0,73694825.0
0001193125-26-138166,0001347408,International Financial Reporting Standards,SES S.A.,--12-31,2025,N4,13370000000,EUR,8200000,EUR,9635000.0,15709750000.0
0001898416-26-000004,0001898416,International Financial Reporting Standards,ALVOTECH,--12-31,2025,N4,1487099000,USD,3509000,USD,3509000,1487099000
0001554855-26-000490,0001190723,International Financial Reporting Standards,Tenaris SA,--12-31,2025,N4,20072313000,USD,3879000,USD,3879000,20072313000
0001342874-26-000020,0001342874,International Financial Reporting Standards,TERNIUM S.A.,--12-31,2025,N4,23615091000,USD,3585000,USD,3585000,23615091000
0001628280-26-021904,0001172724,International Financial Reporting Standards,Gold Fields Limited,--12-31,2025,T3,15225200000,USD,4600000,USD,4600000,15225200000
0001193125-26-124987,0000769218,International Financial Reporting Standards,Aegon Ltd.,--12-31,2025,D0,182221000000,EUR,34000000,EUR,39950000.0,214109675000.0
0001104659-26-035163,0001421876,International Financial Reporting Standards,GALAPAGOS NV,--12-31,2025,C9,3406518000,EUR,14000,EUR,16450.0,4002658650.0
0001628280-26-021178,0001116578,International Financial Reporting Standards,PRUDENTIAL PLC,--12-31,2025,X0,212195000000,USD,11300000,USD,11300000,212195000000
0001978867-26-000022,0001978867,International Financial Reporting Standards,Cadeler A/S,--12-31,2025,G7,3416676000,EUR,1748000,EUR,2053900.0,4014594300.0
0001628280-26-020831,0000912958,International Financial Reporting Standards,MILLICOM INTERNATIONAL CELLULAR SA,--12-31,2025,N4,17253000000,USD,4700000,USD,4700000,17253000000
0001956827-26-000012,0001956827,International Financial Reporting Standards,Abivax SA,--12-31,2025,I0,584341000,EUR,1255000,EUR,1474625.0,686600675.0
0001697862-26-000032,0001697862,International Financial Reporting Standards,ARGENX SE,--12-31,2025,P7,8682698000,USD,2633000,USD,2633000,8682698000
0001140625-26-000013,0001140625,International Financial Reporting Standards,Equinor ASA,--12-31,2025,Q8,131727000000,USD,14100000,USD,14100000,131727000000
0001628280-26-019643,0000806968,International Financial Reporting Standards,WPP plc,--12-31,2025,Y9,,,22000000,GBP,29624111.84964474,
0001104659-26-029805,0002071668,International Financial Reporting Standards,Magnum Ice Cream Co N.V.,--12-31,2025,P7,7488000000,EUR,6000000,EUR,7050000.0,8798400000.0
0001628280-26-018808,0001836564,International Financial Reporting Standards,Valneva SE,--12-31,2025,I0,398836000,EUR,1182000,EUR,1388850.0,468632300.0
0001650107-26-000029,0001650107,International Financial Reporting Standards,COCA-COLA EUROPACIFIC PARTNERS PLC,--12-31,2025,X0,29872000000,EUR,12677000,EUR,14895475.0,35099600000.0
0001104659-26-027443,0001900304,International Financial Reporting Standards,Haleon plc,--12-31,2025,X0,32630000000,GBP,17000000,GBP,22891359.15654366,43937944075.177635
0001193125-26-104945,0000938323,International Financial Reporting Standards,PEARSON PLC,--12-31,2025,X0,6458000000,GBP,7000000,GBP,9425853.770341508,8696023378.409351
0001193125-26-104149,0000717826,International Financial Reporting Standards,ERICSSON LM TELEPHONE CO,--12-31,2025,V7,279223000000,SEK,181000000,SEK,19653005.590722173,30318072818.0012
0001104659-26-026713,0001612940,International Financial Reporting Standards,ProQR Therapeutics N.V.,--12-31,2025,P7,112756000,EUR,751000,EUR,882425.0,132488300.0
0001649373-26-000013,0001649373,International Financial Reporting Standards,Santander UK Group Holdings plc,--12-31,2025,X0,273948000000,GBP,16300000,GBP,21948773.77950951,368884826953.9308
0001087711-26-000008,0001087711,International Financial Reporting Standards,Santander UK plc,--12-31,2025,X0,266837000000,GBP,14300000,GBP,19255672.70226908,359309506073.8024
0001628280-26-017024,0001306965,International Financial Reporting Standards,Shell plc,--12-31,2025,X0,370350000000,USD,56000000,USD,56000000,370350000000
0000217410-26-000007,0000217410,International Financial Reporting Standards,UNILEVER PLC,--12-31,2025,X0,70471000000,EUR,13000000,EUR,15275000.0,82803425000.0
0000313807-26-000006,0000313807,International Financial Reporting Standards,BP PLC,--12-31,2025,X0,278526000000,USD,64000000,USD,64000000,278526000000
0001131399-26-000004,0001131399,International Financial Reporting Standards,GSK plc,--12-31,2025,X0,61118000000,GBP,10900000,GBP,14677400.87096035,82298475819.39032
0001171843-26-001346,0001828253,International Financial Reporting Standards,Evaxion A/S,--12-31,2025,G7,28408000,USD,329000,USD,329000,28408000
0001292814-26-000592,0001471055,International Financial Reporting Standards,BANCO SANTANDER (BRASIL) S.A.,--12-31,2025,D5,1270029465000,BRL,432017000,BRL,78867064.66347648,231850820547.97714
0000891478-26-000030,0000891478,International Financial Reporting Standards,"BANCO SANTANDER, S.A.",--12-31,2025,U3,1867515000000,EUR,118500000,EUR,139237500.0,2194330125000.0
0001089113-26-000010,0001089113,International Financial Reporting Standards,HSBC Holdings plc,--12-31,2025,X0,117623000000,USD,111700000,USD,111700000,117623000000
0001628280-26-011979,0001039765,International Financial Reporting Standards,ING GROEP NV,--12-31,2025,P7,45940000000,EUR,32000000,EUR,37600000.0,53979500000.0
0000858446-26-000010,0000858446,International Financial Reporting Standards,InterContinental Hotels Group PLC,--12-31,2025,X0,5345000000,USD,7000000,USD,7000000,5345000000
0001167831-26-000007,0001167831,International Financial Reporting Standards,LLOYDS BANK plc,--12-31,2025,X0,631335000000,GBP,5400000,GBP,7271372.908549163,850124484299.7937
0001193125-26-072814,0001859795,International Financial Reporting Standards,NOVONIX LIMITED,--12-31,2025,C3,282919269,USD,429478,USD,429478,282919269
0001104659-26-020058,0001000184,International Financial Reporting Standards,SAP SE,--12-31,2025,2M,70362000000,EUR,10000000,EUR,11750000.0,82675350000.0
0000352960-26-000012,0000352960,International Financial Reporting Standards,SWEDISH EXPORT CREDIT CORP /SWED/,--12-31,2025,V7,349964000000,SEK,10000000,SEK,1085801.413852054,37999140599.73201
0001628280-26-011954,0001655891,International Financial Reporting Standards,TORM plc,--12-31,2025,X0,3367000000,USD,1600000,USD,1600000,3367000000
0001628280-26-011789,0001468522,International Financial Reporting Standards,Ferrovial SE,--12-31,2025,P7,5815000000,CAD,8980000,EUR,10551500.0,4247031949.278966
0001104659-26-019130,0000901832,International Financial Reporting Standards,ASTRAZENECA PLC,--12-31,2025,X0,21983000000,USD,12500000,USD,12500000,21983000000
0001104659-26-019005,0001333141,International Financial Reporting Standards,FRESENIUS MEDICAL CARE AG,--12-31,2025,DE,3595000,EUR,13330000,EUR,15662750.0,4224125.0
0001628280-26-009943,0002007191,International Financial Reporting Standards,Telix Pharmaceuticals Limited,--12-31,2025,C3,233252000,USD,2299162,USD,2299162,233252000
0001628280-26-009470,0000313216,International Financial Reporting Standards,KONINKLIJKE PHILIPS NV,--12-31,2025,P7,26944000000,EUR,6500000,EUR,7637500.0,31659200000.0
0001104659-26-017277,0000929869,International Financial Reporting Standards,RELX PLC,--12-31,2025,X0,14757000000,GBP,8700000,GBP,11714989.685995875,19871046298.418518
0001628280-26-009531,0000863064,International Financial Reporting Standards,Rio Tinto plc,--12-31,2025,C3,128102000000,USD,31500000,USD,31500000,128102000000
0001628280-26-009531,0000863064,International Financial Reporting Standards,Rio Tinto plc,--12-31,2025,C3,128102000000,USD,31500000,USD,31500000,128102000000
0001434265-26-000014,0001434265,International Financial Reporting Standards,Genmab A/S,--12-31,2025,G7,12873000000,USD,1700000,USD,1700000,12873000000
0001193125-26-053042,0001816007,International Financial Reporting Standards,Lufax Holding Ltd,--12-31,2024,E9,203536643000,CNY,68301000,CNY,9357128.018145135,27884195325.610218
0001104659-26-016245,0000844150,International Financial Reporting Standards,NatWest Group plc,--12-31,2025,X0,240259000000,GBP,44800000,GBP,60325464.13018565,323520885858.3544
0001628280-26-008403,0001121404,International Financial Reporting Standards,Sanofi,--12-31,2025,I0,126805000000,EUR,11100000,EUR,13042500.0,148995875000.0
0001303523-26-000017,0001303523,International Financial Reporting Standards,British American Tobacco p.l.c.,--12-31,2025,X0,109290000000,GBP,9000000.0,GBP,12118954.847581938,147164508365.80334
0001160106-26-000010,0001160106,International Financial Reporting Standards,Lloyds Banking Group plc,--12-31,2025,X0,944072000000,GBP,2000000.0,GBP,2693101.077240431,1271240660096.264
0001193125-26-046590,0001612042,International Financial Reporting Standards,Ascendis Pharma A/S,--12-31,2025,G7,1302570000,EUR,840000,EUR,987000.0,1530519750.0
0000312070-26-000006,0000312070,International Financial Reporting Standards,BARCLAYS BANK PLC,--12-31,2025,X0,996351000000,GBP,22000000,GBP,29624111.84964474,1341636975704.7903
0000312069-26-000004,0000312069,International Financial Reporting Standards,Barclays PLC,--12-31,2025,X0,1245327000000,GBP,13000000,GBP,17505157.0020628,1676895742608.2969
0000353278-26-000012,0000353278,International Financial Reporting Standards,NOVO NORDISK A/S,--12-31,2025,G7,542902000000,DKK,6000000,DKK,943914.0971227357,85408808526.02124
0001493152-26-004260,0001470683,International Financial Reporting Standards,Antelope Enterprise Holdings Limited,--09-30,2025,D8,,USD,228000,USD,228000,
0001654954-25-013545,0000811522,International Financial Reporting Standards,QUARTZ MOUNTAIN RESOURCES LTD.,--07-31,2025,Z4,4191982,CAD,144183,CAD,104199.93799722187,3029512.941785579
0001213900-25-111090,0001920092,International Financial Reporting Standards,Gelteq Limited,--06-30,2025,C3,21475155,AUD,126060,AUD,82316.87096055271,14023223.568085581
0001104659-25-105894,0000719245,International Financial Reporting Standards,WESTPAC BANKING CORP,--09-30,2025,C3,1125356000000,AUD,23977000,AUD,15851011.092342341,743964234009.0089
0001193125-25-249346,0001506184,International Financial Reporting Standards,Immutep Limited,--06-30,2025,C3,156983434,AUD,736373,AUD,480849.763761979,102509797.5529307
0001213900-25-091414,0001660046,International Financial Reporting Standards,IMMURON LIMITED,--06-30,2025,C3,1110514,AUD,326710,AUD,213340.82906173388,725162.9195453533
0001493152-25-014226,0001852551,International Financial Reporting Standards,NOVA MINERALS LIMITED,--06-30,2025,C3,,AUD,95600,AUD,62426.56563405393,
0001656081-25-000039,0001656081,International Financial Reporting Standards,ENDAVA PLC,--06-30,2025,X0,935771000,GBP,3064000,GBP,4197554.64640561,1281967985.9731152
0001213900-25-082027,0001131343,International Financial Reporting Standards,ALTERITY THERAPEUTICS LIMITED,--06-30,2025,C3,46026360,AUD,248000,AUD,161943.39202139512,30055100.245152663
0001345099-25-000067,0001345099,International Financial Reporting Standards,MESOBLAST LIMITED,--06-30,2025,C3,784683000,USD,675921,USD,675921,784683000
0000835403-25-000021,0000835403,International Financial Reporting Standards,DIAGEO plc,--06-30,2025,X0,49322000000,USD,18000000.0,USD,18000000.0,49322000000
0001213900-25-076725,0002007702,International Financial Reporting Standards,Hong Kong Pharma Digital Technology Holdings Limited,--03-31,2025,E9,9417276,USD,,USD,,9417276
0001213900-25-076810,0001816319,International Financial Reporting Standards,LYTUS TECHNOLOGIES HOLDINGS PTV. LTD.,--03-31,2025,D8,40373161,USD,136999,USD,136999,40373161
0001654954-25-008549,0001175596,International Financial Reporting Standards,AMARC RESOURCES LTD.,--03-31,2025,Z4,1880044,CAD,298277,CAD,207678.21766561514,1308998.6390265885
0001641172-25-020240,0001849296,International Financial Reporting Standards,OKYO Pharma Limited,--03-31,2025,Y7,3677336,USD,,USD,,3677336
0001641172-25-018847,0002010499,International Financial Reporting Standards,DIGINEX LIMITED,--03-31,2025,E9,,,390349,USD,390349,
0001193125-25-136298,0000839923,International Financial Reporting Standards,VODAFONE GROUP PUBLIC LIMITED COMPANY,--03-31,2025,X0,128521000000,EUR,8000000,EUR,8652000.0,138995461500.0
0001004315-25-000012,0001004315,International Financial Reporting Standards,NATIONAL GRID PLC,--03-31,2025,X0,106742000000,GBP,18700000,GBP,24209981.325416584,138193680568.85654
0001558370-25-007966,0001038683,International Financial Reporting Standards,Ryanair Holdings plc,--03-31,2025,L2,17507000000,EUR,1000000,EUR,1081500.0,18933820500.0
0001104659-25-049311,0001841675,International Financial Reporting Standards,ARGO BLOCKCHAIN PLC,--12-31,2024,X0,19258000,USD,326000,USD,326000,19258000
0001213900-25-044434,0001939965,International Financial Reporting Standards,Brera Holdings PLC,--12-31,2024,L2,10118293,EUR,159414,EUR,165615.2046,10511894.5977
0001213900-25-043744,0001546383,International Financial Reporting Standards,JX Luxventure group inc.,--12-31,2024,1T,9357332,USD,253915,USD,253915,9357332
0001641172-25-008020,0001470683,International Financial Reporting Standards,Antelope Enterprise Holdings Limited,--12-31,2024,D8,,USD,432000,USD,432000,
0001213900-25-037091,0001957146,International Financial Reporting Standards,Almacenes Éxito S.A.,--12-31,2024,F8,17554555000000,COP,5013000000,COP,,
0001213900-25-037734,0001871983,International Financial Reporting Standards,ANGHAMI INC.,--12-31,2024,E9,124076029,USD,457000,USD,457000,124076029
0001654954-25-004881,0000868822,International Financial Reporting Standards,CANAGOLD RESOURCES LTD.,--12-31,2024,Z4,32745000,USD,90000,USD,90000,32745000
0001598599-25-000042,0001598599,International Financial Reporting Standards,Innate Pharma SA,--12-31,2024,I0,111059000,EUR,523000,EUR,543344.7,115379195.1
0001410578-25-000855,0001780531,International Financial Reporting Standards,"OneConnect Financial Technology Co., Ltd.",--12-31,2024,E9,3967252000,CNY,11650000,CNY,1596031.4111270816,543507193.8074452
0001628280-25-017048,0000912958,International Financial Reporting Standards,MILLICOM INTERNATIONAL CELLULAR SA,--12-31,2024,N4,2089000000,USD,4400000,USD,4400000,2089000000
0000950170-25-051347,0001830487,International Financial Reporting Standards,Pharvaris N.V.,--12-31,2024,P7,291374765,EUR,4017669,EUR,4173956.3241,302709243.3585
0001171843-25-001916,0001828253,International Financial Reporting Standards,Evaxion Biotech A/S,--12-31,2024,G7,12485000,USD,297000,USD,297000,12485000
0001554855-25-000262,0001190723,International Financial Reporting Standards,Tenaris SA,--12-31,2024,N4,20450125000,USD,4569000,USD,4569000,20450125000
0001213900-25-026226,0001872529,International Financial Reporting Standards,MDXHEALTH SA,--12-31,2024,C9,157329000,USD,408000,USD,408000,157329000
0001104659-25-028922,0001649313,International Financial Reporting Standards,BW LPG Ltd,--12-31,2024,U0,3320420000,USD,2155000,USD,2155000,3320420000
0001342874-25-000024,0001342874,International Financial Reporting Standards,TERNIUM S.A.,--12-31,2024,N4,23128547000,USD,3954000,USD,3954000,23128547000
0001628280-25-015363,0000806968,International Financial Reporting Standards,WPP plc,--12-31,2024,Y9,819000000,GBP,18000000,GBP,22552642.369569935,1026145227.8154321
0001193125-25-064638,0000769218,International Financial Reporting Standards,Aegon Ltd.,--12-31,2024,D0,327390000000,EUR,32000000,EUR,33244799.999999996,340125471000.0
0001628280-25-015052,0001898416,International Financial Reporting Standards,ALVOTECH,--12-31,2024,N4,1221400000,USD,3335000,USD,3335000,1221400000
0001558370-25-003806,0001421876,International Financial Reporting Standards,GALAPAGOS NV,--12-31,2024,C9,4135719000,EUR,17200,EUR,17869.079999999998,4296598469.099999
0001172724-25-000010,0001172724,International Financial Reporting Standards,Gold Fields Limited,--12-31,2024,T3,10142900000,USD,4200000,USD,4200000,10142900000
0001104659-25-027998,0001116578,International Financial Reporting Standards,PRUDENTIAL PLC,--12-31,2024,X0,181876000000,USD,11300000,USD,11300000,181876000000
0001104659-25-027667,0001978867,International Financial Reporting Standards,Cadeler A/S,--12-31,2024,G7,1937016000,EUR,2016000,EUR,2094422.4,2012365922.3999999
0001306965-25-000007,0001306965,International Financial Reporting Standards,Shell plc,--12-31,2024,X0,387609000000,USD,60000000,USD,60000000,387609000000
0001956827-25-000010,0001956827,International Financial Reporting Standards,Abivax SA,--12-31,2024,I0,205228000,EUR,1144000000,EUR,1188501600.0,213211369.2
0001628280-25-014522,0001836564,International Financial Reporting Standards,Valneva SE,--12-31,2024,I0,500032000,EUR,1710000,EUR,1776519.0,519483244.79999995
0001650107-25-000039,0001650107,International Financial Reporting Standards,COCA-COLA EUROPACIFIC PARTNERS PLC,--12-31,2024,X0,31100000000,EUR,11823000,EUR,12282914.7,32309789999.999996
0001697862-25-000024,0001697862,International Financial Reporting Standards,ARGENX SE,--12-31,2024,P7,6202522000,USD,2657000,USD,2657000,6202522000
0001140625-25-000062,0001140625,International Financial Reporting Standards,Equinor ASA,--12-31,2024,Q8,131141000000,USD,15500000,USD,15500000,131141000000
0001558370-25-003368,0001900304,International Financial Reporting Standards,Haleon plc,--12-31,2024,X0,34315000000,GBP,17000000,GBP,21299717.793482713,42994106828.43291
0001922446-25-000003,0001922446,International Financial Reporting Standards,Diversified Energy Company PLC,--12-31,2024,X0,4003525000,USD,3198000,USD,3198000,4003525000
0001193125-25-054371,0000938323,International Financial Reporting Standards,PEARSON PLC,--12-31,2024,X0,6892000000,GBP,7000000,GBP,8770472.03261053,8635156178.39311
0001558370-25-002851,0001612940,International Financial Reporting Standards,ProQR Therapeutics N.V.,--12-31,2024,P7,167958000,EUR,618000,EUR,642040.2,174491566.2
0000217410-25-000015,0000217410,International Financial Reporting Standards,UNILEVER PLC,--12-31,2024,X0,79750000000,EUR,12000000,EUR,12466800.0,82852275000.0
0001193125-25-051949,0000717826,International Financial Reporting Standards,ERICSSON LM TELEPHONE CO,--12-31,2024,V7,292374000000,SEK,178000000,SEK,16137900.340343833,26507317270.267914
0001243429-25-000017,0001243429,International Financial Reporting Standards,ARCELORMITTAL,--12-31,2024,N4,89385000000,USD,26000000.0,USD,26000000.0,89385000000
0001628280-25-011193,0001649373,International Financial Reporting Standards,Santander UK Group Holdings plc,--12-31,2024,X0,267076000000,GBP,15600000,GBP,19545623.38696061,334626084083.06995
0001628280-25-011199,0001087711,International Financial Reporting Standards,Santander UK plc,--12-31,2024,X0,259944000000,GBP,14400000,GBP,18042113.89565595,325690226006.4159
0000313807-25-000007,0000313807,International Financial Reporting Standards,BP PLC,--12-31,2024,X0,282228000000,USD,61000000,USD,61000000,282228000000
0001628280-25-010764,0001039765,International Financial Reporting Standards,ING GROEP NV,--12-31,2024,P7,49147000000,EUR,33000000,EUR,34283700.0,51058818300.0
0001655891-25-000013,0001655891,International Financial Reporting Standards,TORM plc,--12-31,2024,X0,3469600000,USD,1800000,USD,1800000,3469600000
0001131399-25-000007,0001131399,International Financial Reporting Standards,GSK plc,--12-31,2024,X0,59463000000,GBP,10800000,GBP,13531585.42174196,74502654067.87428
0001292814-25-000697,0001471055,International Financial Reporting Standards,BANCO SANTANDER (BRASIL) S.A.,--12-31,2024,D5,1238796810000,BRL,409138,BRL,66153.09296063997,200299753460.38315
0000891478-25-000054,0000891478,International Financial Reporting Standards,"BANCO SANTANDER, S.A.",--12-31,2024,U3,12065000000,EUR,120100000,EUR,124771889.99999999,12534328500.0
0001468522-25-000034,0001468522,International Financial Reporting Standards,Ferrovial SE,--12-31,2024,P7,5757000000,CAD,13080000.00,EUR,13588812.0,4001168918.918919
0000950170-25-029488,0001859795,International Financial Reporting Standards,NOVONIX LIMITED,--12-31,2024,C3,226095541,USD,423235,USD,423235,226095541
0001193125-25-037543,0000858446,International Financial Reporting Standards,InterContinental Hotels Group PLC,--12-31,2024,X0,4748000000,USD,7000000,USD,7000000,4748000000
0001160106-25-000012,0001167831,International Financial Reporting Standards,LLOYDS BANK plc,--12-31,2024,X0,611213000000,GBP,5200000,GBP,6515207.795653537,765803788923.9971
0001104659-25-017815,0001000184,International Financial Reporting Standards,SAP SE,--12-31,2024,2M,74122000000,EUR,8000000,EUR,8311199.999999999,77005345800.0
0000814052-25-000036,0000814052,International Financial Reporting Standards,"TELEFÓNICA, S.A.",--12-31,2024,U3,100502000000,EUR,8470000,EUR,8799483.0,104411527800.0
0001410578-25-000200,0000352960,International Financial Reporting Standards,SWEDISH EXPORT CREDIT CORP /SWED/,--12-31,2024,V7,368094000000,SEK,10000000,SEK,906623.614626058,33372271280.216423
0001104659-25-016784,0001333141,International Financial Reporting Standards,FRESENIUS MEDICAL CARE AG,--12-31,2024,DE,82544000,EUR,16126000,EUR,16753301.399999999,85754961.6
0001140361-25-005562,0002007191,International Financial Reporting Standards,Telix Pharmaceuticals Ltd,--12-31,2024,C3,479764000,AUD,2066123,AUD,1279808.7197114236,297177927.25971854
0000313216-25-000009,0000313216,International Financial Reporting Standards,KONINKLIJKE PHILIPS NV,--12-31,2024,P7,28976000000,EUR,8900000,EUR,9246210.0,30103166400.0
0001104659-25-016029,0000844150,International Financial Reporting Standards,NatWest Group plc,--12-31,2024,X0,232835000000,GBP,41800000,GBP,52372247.28044573,291724693673.2675
0001140465-25-000037,0001140465,International Financial Reporting Standards,HSBC Bank plc,--12-31,2024,X0,21978000000,GBP,16000000.0,GBP,20046793.217395496,27536776333.24489
0001089113-25-000040,0001089113,International Financial Reporting Standards,HSBC Holdings plc,--12-31,2024,X0,123337000000,USD,104400000,USD,104400000,123337000000
0001160106-25-000005,0001160106,International Financial Reporting Standards,Lloyds Banking Group plc,--12-31,2024,X0,906697000000,GBP,2000000.0,GBP,2505849.152174437,1136022954364.553
0001558370-25-001178,0000929869,International Financial Reporting Standards,RELX PLC,--12-31,2024,X0,15133000000,GBP,8100000,GBP,10148689.06630647,18960507609.92788
0001628280-25-006642,0000863064,International Financial Reporting Standards,Rio Tinto plc,--12-31,2024,C3,102786000000,USD,30000000.0,USD,30000000.0,102786000000
0001628280-25-006642,0000863064,International Financial Reporting Standards,Rio Tinto plc,--12-31,2024,C3,102786000000,USD,30000000.0,USD,30000000.0,102786000000
0001104659-25-014750,0000901832,International Financial Reporting Standards,ASTRAZENECA PLC,--12-31,2024,X0,20139000000,USD,10600000,USD,10600000,20139000000
0001303523-25-000021,0001303523,International Financial Reporting Standards,British American Tobacco p.l.c.,--12-31,2024,X0,118899000000,GBP,12000000.0,GBP,15035094.913046623,148971479172.1942
0000312070-25-000007,0000312070,International Financial Reporting Standards,BARCLAYS BANK PLC,--12-31,2024,X0,963765000000,GBP,23000000,GBP,28817265.250006028,1207524854072.6982
0000312069-25-000114,0000312069,International Financial Reporting Standards,Barclays PLC,--12-31,2024,X0,1212646000000,GBP,13000000,GBP,16288019.48913384,1519353975493.8613
0001121404-25-000010,0001121404,International Financial Reporting Standards,Sanofi,--12-31,2024,I0,132798000000,EUR,11500000,EUR,11947350.0,137963842200.0
0000950170-25-018852,0001612042,International Financial Reporting Standards,Ascendis Pharma A/S,--12-31,2024,G7,1179495000,EUR,811000,EUR,842547.8999999999,1225377355.5
0001628280-25-003920,0000353278,International Financial Reporting Standards,NOVO NORDISK A/S,--12-31,2024,G7,465795000000,DKK,5000000,DKK,696519.0806940384,64887021038.37593
0001654954-24-014995,0000811522,International Financial Reporting Standards,QUARTZ MOUNTAIN RESOURCES LTD.,--07-31,2024,Z4,3014035,CAD,58023,CAD,41949.19169393069,2179072.643386526
0001213900-24-099131,0001920092,International Financial Reporting Standards,Gelteq Limited,--06-30,2024,C3,20757827,AUD,101978,AUD,67978.99890262335,13837261.947222395
0001104659-24-114298,0000719245,International Financial Reporting Standards,WESTPAC BANKING CORP,--09-30,2024,C3,1077544000000,AUD,28035000,AUD,19416049.73400965,746268874427.8113
0001493152-24-042879,0001852551,International Financial Reporting Standards,NOVA MINERALS LIMITED,--06-30,2024,C3,,AUD,80000,AUD,53328.36408058472,
0001193125-24-240773,0001506184,International Financial Reporting Standards,Immutep Limited,--06-30,2024,C3,201579281,AUD,661381,AUD,440879.584549765,134373666.10338116
0001213900-24-089557,0001668438,International Financial Reporting Standards,Integrated Media Technology Ltd,--12-31,2023,C3,30134828,USD,,USD,,30134828
0001213900-24-083654,0001660046,International Financial Reporting Standards,IMMURON LIMITED,--06-30,2024,C3,768370,AUD,254350,AUD,169550.86754870904,512198.938857486
0001493152-24-038693,0001166272,International Financial Reporting Standards,GENETIC TECHNOLOGIES LIMITED,--06-30,2024,C3,528078,AUD,,AUD,,352019.1980868377
0001213900-24-082281,0001131343,International Financial Reporting Standards,ALTERITY THERAPEUTICS LIMITED,--06-30,2024,C3,19223743,AUD,248200,AUD,165451.24956001408,12814634.571194898
0001656081-24-000037,0001656081,International Financial Reporting Standards,ENDAVA PLC,--06-30,2024,X0,1013891000,GBP,3504000,GBP,4437580.344428797,1284024763.982094
0001345099-24-000063,0001345099,International Financial Reporting Standards,MESOBLAST LTD,--06-30,2024,C3,669153000,USD,623605,USD,623605,669153000
0001213900-24-069682,0001816319,International Financial Reporting Standards,LYTUS TECHNOLOGIES HOLDINGS PTV. LTD.,--03-31,2024,D8,31563423,USD,119525,USD,119525,31563423
0001493152-24-031640,0001849296,International Financial Reporting Standards,OKYO Pharma Limited,--03-31,2024,Y7,1541264,USD,,USD,,1541264
0001654954-24-009848,0001175596,International Financial Reporting Standards,AMARC RESOURCES LTD.,--03-31,2024,Z4,9841614,CAD,109830,CAD,80963.83537461513,7254983.2988847075
0000835403-24-000029,0000835403,International Financial Reporting Standards,DIAGEO plc,--06-30,2024,X0,45474000000,USD,16300000,USD,16300000,45474000000
0001213900-24-062719,0001939965,International Financial Reporting Standards,Brera Holdings PLC,--12-31,2023,L2,8490276,EUR,151486,EUR,166680.04579999996,9341850.682799999
0001558370-24-009521,0001038683,International Financial Reporting Standards,Ryanair Holdings plc,--03-31,2024,L2,17175600000,EUR,900000,EUR,969642.0,18504647928.0
0001104659-24-071761,0000839923,International Financial Reporting Standards,VODAFONE GROUP PUBLIC LTD CO,--03-31,2024,X0,144350000000,EUR,7000000,EUR,7541660.0,155519803000.0
0001004315-24-000007,0001004315,International Financial Reporting Standards,NATIONAL GRID PLC,--03-31,2024,X0,98325000000,GBP,18900000,GBP,23812983.276809737,123884210618.64111
0001213900-24-043254,0001546383,International Financial Reporting Standards,JX Luxventure limited,--12-31,2023,1T,21918401,USD,298516,USD,298516,21918401
0001493152-24-018683,0001470683,International Financial Reporting Standards,Antelope Enterprise Holdings Limited,--12-31,2023,D8,,CNY,2070000,CNY,290562.9158082068,
0001104659-24-054859,0001841675,International Financial Reporting Standards,ARGO BLOCKCHAIN PLC,--12-31,2023,X0,75940000,USD,341000,USD,341000,75940000
0001654954-24-005203,0000868822,International Financial Reporting Standards,CANAGOLD RESOURCES LTD.,--12-31,2023,Z4,33226000,USD,67000,CAD,50481.11754031567,33226000
0001628280-24-017820,0001973832,International Financial Reporting Standards,AngloGold Ashanti plc,--12-31,2023,X0,8175000000,USD,8100000,USD,8100000,8175000000
0001410578-24-000528,0001795579,International Financial Reporting Standards,Calliditas Therapeutics AB,--12-31,2023,V7,1859245000,SEK,20951000,SEK,2072077.9577987005,183881465.45021456
0001193125-24-106025,0001816007,International Financial Reporting Standards,Lufax Holding Ltd,--12-31,2023,E9,237023009000,CNY,47449000,CNY,6660347.725692561,33270578071.82359
0001104659-24-050265,0001780531,International Financial Reporting Standards,"OneConnect Financial Technology Co., Ltd.",--12-31,2023,E9,3662443000,CNY,17961000,CNY,2521159.676730049,514091843.99099326
0000950170-24-043358,0001830487,International Financial Reporting Standards,Pharvaris N.V.,--12-31,2023,P7,398694465,EUR,2029554,EUR,2233118.2661999995,438683519.83949995
0001956827-24-000007,0001956827,International Financial Reporting Standards,Abivax SA,--12-31,2023,I0,327062000,EUR,1714000,EUR,1885914.1999999997,359866318.59999996
0001193125-24-086614,0000769218,International Financial Reporting Standards,Aegon Ltd.,--12-31,2023,D0,-21075000000,EUR,33000000,EUR,36309899.99999999,-23188822499.999996
0001598599-24-000020,0001598599,International Financial Reporting Standards,Innate Pharma SA,--12-31,2023,I0,184193000,EUR,725000,EUR,797717.4999999999,202667557.89999998
0001634621-24-000010,0001038143,International Financial Reporting Standards,ORANGE,--12-31,2023,I0,41159000000,EUR,11400000,EUR,12543419.999999998,45287247699.99999
0001558370-24-004242,0001421876,International Financial Reporting Standards,GALAPAGOS NV,--12-31,2023,C9,4357396000,EUR,1124000.0,EUR,1236737.1999999997,4794442818.799999
0001172724-24-000017,0001172724,International Financial Reporting Standards,Gold Fields Limited,--12-31,2023,T3,8226300000,USD,3500000,USD,3500000,8226300000
0001558370-24-004128,0001464591,International Financial Reporting Standards,GEOPARK LIMITED,--12-31,2023,D0,895900000,USD,977000,USD,977000,895900000
0001554855-24-000207,0001190723,International Financial Reporting Standards,Tenaris SA,--12-31,2023,N4,11210620000,USD,4386000,USD,4386000,11210620000
0001342874-24-000018,0001342874,International Financial Reporting Standards,TERNIUM S.A.,--12-31,2023,N4,24179104000,USD,4783000,USD,4783000,24179104000
0001104659-24-038836,0001978867,International Financial Reporting Standards,Cadeler A/S,--12-31,2023,G7,1252560000,EUR,474000,EUR,521542.1999999999,1378191767.9999998
0001104659-24-039004,0001828253,International Financial Reporting Standards,Evaxion Biotech A/S,--12-31,2023,G7,12889000,USD,309000,USD,309000,12889000
0001104659-24-038849,0001116578,International Financial Reporting Standards,PRUDENTIAL PLC,--12-31,2023,X0,174066000000,USD,13900000,USD,13900000,174066000000
0001628280-24-012747,0001836564,International Financial Reporting Standards,Valneva SE,--12-31,2023,I0,460062000,EUR,2076000,EUR,2284222.8,506206218.5999999
0001558370-24-003665,0001697862,International Financial Reporting Standards,ARGENX SE,--12-31,2023,P7,4542458000,USD,1979000,USD,1979000,4542458000
0001140625-24-000034,0001140625,International Financial Reporting Standards,Equinor ASA,--12-31,2023,Q8,143580000000,USD,14900000,USD,14900000,143580000000
0001865408-24-000018,0001865408,International Financial Reporting Standards,EXSCIENTIA PLC,--12-31,2023,X0,510721000,GBP,915000,GBP,1160212.6188418323,647590108.0956496
0001628280-24-012449,0000806968,International Financial Reporting Standards,WPP plc,--12-31,2023,Y9,,,10000000.0,GBP,12679919.331604723,
0001628280-24-012230,0001898416,International Financial Reporting Standards,ALVOTECH,--12-31,2023,N4,950090000,USD,2876000,USD,2876000,950090000
0001628280-24-011847,0001922446,International Financial Reporting Standards,Diversified Energy Company PLC,--12-31,2023,X0,3474022000,USD,2140000,USD,2140000,3474022000
0001650107-24-000025,0001650107,International Financial Reporting Standards,COCA-COLA EUROPACIFIC PARTNERS PLC,--12-31,2023,X0,29254000000,EUR,10028000,EUR,11033808.399999999,32188176199.999996
0001558370-24-003331,0001900304,International Financial Reporting Standards,Haleon plc,--12-31,2023,X0,34055000000,GBP,16000000,GBP,20287870.93056756,43181465283.77988
0001193125-24-067358,0000938323,International Financial Reporting Standards,PEARSON PLC,--12-31,2023,X0,6727000000,GBP,8000000,GBP,10143935.46528378,8529781734.370497
0001306965-24-000026,0001306965,International Financial Reporting Standards,Shell plc,--12-31,2023,X0,406270000000,USD,61000000,USD,61000000,406270000000
0000217410-24-000017,0000217410,International Financial Reporting Standards,UNILEVER PLC,--12-31,2023,X0,75266000000,EUR,7000000,EUR,7702099.999999999,82815179799.99998
0001558370-24-003060,0001612940,International Financial Reporting Standards,ProQR Therapeutics N.V.,--12-31,2023,P7,137883000,EUR,588000,EUR,646976.3999999999,151712664.89999998
0000950170-24-030519,0001479615,International Financial Reporting Standards,Silence Therapeutics plc,--12-31,2023,X0,,,576000,GBP,730363.353500432,
0001193125-24-065869,0000717826,International Financial Reporting Standards,ERICSSON LM TELEPHONE CO,--12-31,2023,V7,297036000000,SEK,164000000,SEK,16219788.319363605,29377201483.112732
0001628280-24-010449,0000912958,International Financial Reporting Standards,MILLICOM INTERNATIONAL CELLULAR SA,--12-31,2023,N4,2470000000,USD,5600000,USD,5600000,2470000000
0000313807-24-000008,0000313807,International Financial Reporting Standards,BP PLC,--12-31,2023,X0,280294000000,USD,57000000,USD,57000000,280294000000
0001628280-24-009782,0001039765,International Financial Reporting Standards,ING GROEP NV,--12-31,2023,P7,46666000000,EUR,29000000,EUR,31908699.999999996,51346599799.99999
0001655891-24-000014,0001655891,International Financial Reporting Standards,TORM plc,--12-31,2023,X0,2870147000,USD,1400000,USD,1400000,2870147000
0001131399-24-000007,0001131399,International Financial Reporting Standards,GSK plc,--12-31,2023,X0,59005000000,GBP,10200000,GBP,12933517.718236817,74817864016.13367
0001628280-24-008857,0001649373,International Financial Reporting Standards,Santander UK Group Holdings plc,--12-31,2023,X0,282083000000,GBP,15700000,GBP,19907473.350619417,357678968481.7055
0001628280-24-008865,0001087711,International Financial Reporting Standards,Santander UK plc,--12-31,2023,X0,275448000000,GBP,14500000,GBP,18385883.030826848,349265842005.1858
0001193125-24-051757,0000858446,International Financial Reporting Standards,InterContinental Hotels Group PLC,--12-31,2023,X0,4813000000,USD,7000000,USD,7000000,4813000000
0001104659-24-029038,0001000184,International Financial Reporting Standards,SAP SE,--12-31,2023,2M,68335000000,EUR,8000000,EUR,8802399.999999998,75189000499.99998
0000950170-24-021622,0001859795,International Financial Reporting Standards,NOVONIX LIMITED,--12-31,2023,C3,263343043,USD,412793,USD,412793,263343043
0001292814-24-000531,0001471055,International Financial Reporting Standards,BANCO SANTANDER (BRASIL) S.A.,--12-31,2023,D5,1115652776000,BRL,512257000,BRL,105175662.82888597,229063771120.13434
0001104659-24-026968,0000844150,International Financial Reporting Standards,NatWest Group plc,--12-31,2023,X0,,GBP,41700000,GBP,52875263.612791695,
0001628280-24-006512,0000863064,International Financial Reporting Standards,Rio Tinto plc,--12-31,2023,C3,103549000000,USD,27700000,USD,27700000,103549000000
0001628280-24-006512,0000863064,International Financial Reporting Standards,Rio Tinto plc,--12-31,2023,C3,103549000000,USD,27700000,USD,27700000,103549000000
0001104659-24-026782,0000352960,International Financial Reporting Standards,SWEDISH EXPORT CREDIT CORP /SWED/,--12-31,2023,V7,365929000000,SEK,10000000,SEK,989011.4828880248,36190798292.1732
0001121404-24-000009,0001121404,International Financial Reporting Standards,Sanofi,--12-31,2023,I0,126464000000,EUR,15100000,EUR,16614529.999999998,139148339199.99997
0000814052-24-000034,0000814052,International Financial Reporting Standards,"TELEFÓNICA, S.A.",--12-31,2023,U3,104324000000,EUR,8130000,EUR,8945438.999999998,114787697199.99998
0001140465-24-000013,0001140465,International Financial Reporting Standards,HSBC Bank plc,--12-31,2023,X0,22032000000,GBP,13700000,GBP,17371489.48429847,27936398271.391525
0001089113-24-000004,0001089113,International Financial Reporting Standards,HSBC Holdings plc,--12-31,2023,X0,116400000000,USD,112000000.0,USD,112000000.0,116400000000
0001160106-24-000009,0001160106,International Financial Reporting Standards,Lloyds Banking Group plc,--12-31,2023,X0,881453000000,GBP,2000000.0,GBP,2535983.866320945,1117675293460.0977
0001558370-24-001468,0000929869,International Financial Reporting Standards,RELX PLC,--12-31,2023,X0,14917000000,GBP,8400000,GBP,10651132.238547966,18914635666.95476
0000891478-24-000038,0000891478,International Financial Reporting Standards,"BANCO SANTANDER, S.A.",--12-31,2023,U3,12051000000,EUR,116800000,EUR,128515039.99999999,13259715299.999998
0001104659-24-025553,0000901832,International Financial Reporting Standards,ASTRAZENECA PLC,--12-31,2023,X0,19616000000,USD,10200000,USD,10200000,19616000000
0000312070-24-000008,0000312070,International Financial Reporting Standards,BARCLAYS BANK PLC,--12-31,2023,X0,936750000000,GBP,22000000,GBP,27895822.529530387,1187791443388.0723
0000312069-24-000026,0000312069,International Financial Reporting Standards,Barclays PLC,--12-31,2023,X0,1183402000000,GBP,11000000,GBP,13947911.264765194,1500544189685.9692
0001104659-24-025293,0001333141,International Financial Reporting Standards,FRESENIUS MEDICAL CARE AG,--12-31,2023,DE,7824000,EUR,14250000,EUR,15679274.999999998,8608747.2
0000313216-24-000003,0000313216,International Financial Reporting Standards,KONINKLIJKE PHILIPS NV,--12-31,2023,P7,29406000000,EUR,9700000,EUR,10672909.999999998,32355421799.999996
0001303523-24-000024,0001303523,International Financial Reporting Standards,British American Tobacco p.l.c.,--12-31,2023,X0,118716000000,GBP,11400000,GBP,14455108.038029384,150530930337.0786
0000950170-24-012212,0001612042,International Financial Reporting Standards,Ascendis Pharma A/S,--12-31,2023,G7,825587000,EUR,739000,EUR,813121.6999999998,908393376.0999999
0001628280-24-002635,0000353278,International Financial Reporting Standards,NOVO NORDISK A/S,--12-31,2023,G7,314486000000,DKK,3000000,DKK,442836.06117520784,46421913844.915474
0001628280-23-040150,0001606457,International Financial Reporting Standards,Atento S.A.,--12-31,2022,N4,885972000,USD,1845000,USD,1845000,885972000
0001654954-23-014842,0000811522,International Financial Reporting Standards,QUARTZ MOUNTAIN RESOURCES LTD.,--07-31,2023,Z4,863601,CAD,51818,CAD,39213.910064533855,653540.6990937801
0001104659-23-115005,0000719245,International Financial Reporting Standards,WESTPAC BANKING CORP,--09-30,2023,C3,1029774000000,AUD,25859000,AUD,16687604.516785348,664544694445.5747
0001213900-23-081650,0001873875,International Financial Reporting Standards,Incannex Healthcare Limited,--06-30,2023,C3,88590700,USD,97750,USD,97750,88590700
0001193125-23-263551,0001075880,International Financial Reporting Standards,Kazia Therapeutics Limited,--06-30,2023,C3,28084000,AUD,292000,AUD,193491.40139041346,18609631.90633004
0001193125-23-261238,0001506184,International Financial Reporting Standards,Immutep Limited,--06-30,2023,C3,147448990,AUD,789291,AUD,523017.19758507144,97705862.01609953
0000950170-23-053873,0001191070,International Financial Reporting Standards,BIONOMICS LIMITED/FI,--06-30,2023,C3,43003902,AUD,357500,AUD,236894.4383461398,28496182.408342484
0001213900-23-080084,0001660046,International Financial Reporting Standards,IMMURON LIMITED,--06-30,2023,C3,398391,AUD,241583,AUD,160082.99048664473,263990.5236004391
0001656081-23-000041,0001656081,International Financial Reporting Standards,ENDAVA PLC,--06-30,2023,X0,770123000,GBP,3081000,GBP,3900608.8922030106,974991438.458312
0001213900-23-072629,0001131343,International Financial Reporting Standards,ALTERITY THERAPEUTICS LIMITED,--06-30,2023,C3,27317636,AUD,246400,AUD,163274.93596780096,18101807.096963044
0001345099-23-000059,0001345099,International Financial Reporting Standards,MESOBLAST LTD,--06-30,2023,C3,669415000,USD,669603,USD,669603,669415000
0001493152-23-030621,0001166272,International Financial Reporting Standards,GENETIC TECHNOLOGIES LIMITED,--06-30,2023,C3,625421,AUD,,AUD,,414430.0881814856
0001213900-23-068912,0001816319,International Financial Reporting Standards,LYTUS TECHNOLOGIES HOLDINGS PTV. LTD.,--03-31,2023,D8,26885824,USD,144747,USD,144747,26885824
0001493152-23-028739,0001849296,International Financial Reporting Standards,OKYO Pharma Limited,--03-31,2023,Y7,5203920,USD,106927,USD,106927,5203920
0000835403-23-000016,0000835403,International Financial Reporting Standards,DIAGEO plc,--06-30,2023,X0,35621000000,GBP,13600000,GBP,17217877.61569651,45096913128.58275
0001654954-23-009851,0001175596,International Financial Reporting Standards,AMARC RESOURCES LTD.,--03-31,2023,Z4,6091187,CAD,36854,CAD,27195.986293004,4494921.532537151
0001558370-23-012101,0001038683,International Financial Reporting Standards,Ryanair Holdings plc,--03-31,2023,L2,16405900000,EUR,800000,EUR,869999.9999999999,17841416250.0
0001104659-23-073356,0000839923,International Financial Reporting Standards,VODAFONE GROUP PUBLIC LTD CO,--03-31,2023,X0,155521000000,EUR,5000000,EUR,5437500.0,169129087500.0
0001062993-23-013696,0001868079,International Financial Reporting Standards,PREDICTMEDIX INC.,--01-31,2023,Z4,717735,CAD,70050,CAD,52083.160603980774,533646.0710363761
0001004315-23-000012,0001004315,International Financial Reporting Standards,NATIONAL GRID PLC,--03-31,2023,X0,92697000000,GBP,19300000,GBP,23872554.595086444,114658766492.2657
0001104659-23-055071,0001841675,International Financial Reporting Standards,ARGO BLOCKCHAIN PLC,--12-31,2022,X0,91418000,GBP,251000,GBP,302078.2584506195,110021475.02405871
0001493152-23-014967,0001470683,International Financial Reporting Standards,Antelope Enterprise Holdings Limited,--12-31,2022,D8,110006000,CNY,2003000,CNY,290344.4005759253,15945894.223542307
0001193125-23-130192,0001850453,International Financial Reporting Standards,Mynaric AG,--12-31,2022,2M,80321000,EUR,951000,EUR,1014875.5000000001,85715893.83333334
0001104659-23-051914,0001123658,International Financial Reporting Standards,CHINA PETROLEUM & CHEMICAL CORPORATION,--12-31,2022,F4,412543000000,CNY,66000000,CNY,9567014.696960095,59800074911.030426
0001104659-23-051798,0001828253,International Financial Reporting Standards,Evaxion Biotech A/S,--12-31,2022,G7,22025000,USD,172000,USD,172000,22025000
0001213900-23-033927,0001668438,International Financial Reporting Standards,Integrated Media Technology Ltd,--12-31,2022,C3,57470203,AUD,,AUD,,39076320.46394819
0001782999-23-000004,0001782999,International Financial Reporting Standards,PURETECH HEALTH PLC,--12-31,2022,X0,702647000,USD,1716000,USD,1716000,702647000
0001193125-23-119723,0001041668,International Financial Reporting Standards,CHINA SOUTHERN AIRLINES COMPANY LIMITED,--12-31,2022,F4,301356000000,CNY,14000000,CNY,2029366.753900626,43682989106.319786
0001410578-23-000804,0001795579,International Financial Reporting Standards,Calliditas Therapeutics AB,--12-31,2022,V7,1952973000,SEK,13369000,SEK,1281082.9574467451,187143423.34158438
0000950170-23-014791,0001824036,International Financial Reporting Standards,IDEX Biometrics ASA,--12-31,2022,Q8,29016000,USD,447000,USD,447000,29016000
0001193125-23-116597,0000908732,International Financial Reporting Standards,Sinopec Shanghai Petrochemical Company Limited,--12-31,2022,F4,16021111000,CNY,6837000,CNY,991055.7497441843,2322336430.282258
0001104659-23-049473,0001161611,International Financial Reporting Standards,ALUMINUM CORP OF CHINA LTD,--12-31,2022,F4,212348031000,CNY,18170000,CNY,2633828.137026741,30780859597.68997
0001104659-23-048626,0001780531,International Financial Reporting Standards,"OneConnect Financial Technology Co., Ltd.",--12-31,2022,E9,4771582000,CNY,16501000,CNY,2391898.629008159,691663562.4507612
0001193125-23-109212,0001268896,International Financial Reporting Standards,China Life Insurance Company Limited,--12-31,2022,F4,5251988000000,CNY,53000000,CNY,7682602.711195227,761300702791.7887
0001193125-23-094627,0001816007,International Financial Reporting Standards,Lufax Holding Ltd,--12-31,2022,E9,349262807000,CNY,39271000,CNY,5692518.699459393,50627309207.12935
0001628280-23-010946,0001598599,International Financial Reporting Standards,Innate Pharma SA,--12-31,2022,I0,207863000,EUR,855000,EUR,912427.5000000001,221824464.83333337
0000950170-23-011842,0001830487,International Financial Reporting Standards,Pharvaris N.V.,--12-31,2022,P7,167732983,EUR,1652995,EUR,1764021.164166667,178999048.3581667
0001193125-23-086885,0000938323,International Financial Reporting Standards,PEARSON PLC,--12-31,2022,X0,7324000000,GBP,6000000,GBP,7220994.225911225,8814426951.762302
0001554855-23-000209,0001190723,International Financial Reporting Standards,Tenaris SA,--12-31,2022,N4,9018386000,USD,3966000,USD,3966000,9018386000
0001558370-23-005101,0001464591,International Financial Reporting Standards,GEOPARK LIMITED,--12-31,2022,D0,797390000,USD,885000,USD,885000,797390000
0001634621-23-000008,0001038143,International Financial Reporting Standards,ORANGE,--12-31,2022,I0,41123000000,EUR,8800000,EUR,9391066.666666668,43885094833.333336
0001342874-23-000021,0001342874,International Financial Reporting Standards,TERNIUM S.A.,--12-31,2022,N4,17491548000,USD,3681000,USD,3681000,17491548000
0001628280-23-009890,0001836564,International Financial Reporting Standards,Valneva SE,--12-31,2022,I0,621344000,EUR,1891000,EUR,2018012.166666667,663077605.3333334
0001558370-23-004917,0001612940,International Financial Reporting Standards,ProQR Therapeutics N.V.,--12-31,2022,P7,171321000,EUR,512000,EUR,546389.3333333334,182828060.50000003
0001193125-23-082264,0001719714,International Financial Reporting Standards,MEREO BIOPHARMA GROUP PLC,--12-31,2022,X0,88078000,GBP,371000,GBP,446498.14296884404,106001788.23830147
0001140625-23-000036,0001140625,International Financial Reporting Standards,Equinor ASA,--12-31,2022,Q8,158021000000,USD,11400000,USD,11400000,158021000000
0001865408-23-000011,0001865408,International Financial Reporting Standards,EXSCIENTIA PLC,--12-31,2022,X0,649643000,GBP,904000,GBP,1087963.1300372912,781844725.3172743
0001558370-23-004448,0001421876,International Financial Reporting Standards,GALAPAGOS NV,--12-31,2022,C9,4734351000,EUR,1127100,EUR,1202803.5500000003,5052341575.500001
0001104659-23-036042,0001116578,International Financial Reporting Standards,PRUDENTIAL PLC,--12-31,2022,X0,87181000000,USD,6700000,USD,6700000,87181000000
0001628280-23-009053,0000806968,International Financial Reporting Standards,WPP plc,--12-31,2022,Y9,,,8400000,GBP,10109391.916275715,
0001193125-23-076544,0000769218,International Financial Reporting Standards,AEGON NV,--12-31,2022,P7,401786000000,EUR,35000000,EUR,37350833.333333336,428772626333.3334
0001193125-23-074408,0001492074,International Financial Reporting Standards,Abcam plc,--12-31,2022,X0,1056600000,GBP,805000000,GBP,968816725.309756,1271617083.1829667
0001558370-23-004167,0001900304,International Financial Reporting Standards,Haleon plc,--12-31,2022,X0,34815000000,GBP,10000000,GBP,12034990.376518708,41899818995.849884
0001650107-23-000019,0001650107,International Financial Reporting Standards,COCA-COLA EUROPACIFIC PARTNERS PLC,--12-31,2022,X0,29313000000,EUR,9384000,EUR,10014292.000000002,31281856500.000004
0001558370-23-004027,0001697862,International Financial Reporting Standards,ARGENX SE,--12-31,2022,P7,3134261000,USD,1394000,USD,1394000,3134261000
0001104659-23-032987,0001655891,International Financial Reporting Standards,TORM plc,--12-31,2022,X0,2597000000.0,USD,1400000,USD,1400000,2597000000.0
0001193125-23-071310,0000717826,International Financial Reporting Standards,ERICSSON LM TELEPHONE CO,--12-31,2022,V7,349537000000,SEK,163000000,SEK,15619457.107025163,33494344655.326717
0000950170-23-007992,0001479615,International Financial Reporting Standards,Silence Therapeutics plc,--12-31,2022,X0,,,463000,GBP,557220.0544328162,
0000217410-23-000016,0000217410,International Financial Reporting Standards,UNILEVER PLC,--12-31,2022,X0,77821000000,EUR,6000000,EUR,6403000.000000001,83047977166.66667
0000313807-23-000009,0000313807,International Financial Reporting Standards,BP PLC,--12-31,2022,X0,288120000000,USD,55000000,USD,55000000,288120000000
0001193125-23-067105,0001131399,International Financial Reporting Standards,GSK plc,--12-31,2022,X0,60146000000,GBP,10900000,GBP,13118139.510405391,72385653118.60942
0001628280-23-007425,0001039765,International Financial Reporting Standards,ING GROEP NV,--12-31,2022,P7,967655000000,EUR,27000000,EUR,28813500.000000004,1032649160833.3335
0001306965-23-000007,0001306965,International Financial Reporting Standards,Shell plc,--12-31,2022,X0,443024000000,USD,63000000,USD,63000000,443024000000
0001160106-23-000019,0001167831,International Financial Reporting Standards,LLOYDS BANK plc,--12-31,2022,X0,616928000000,GBP,4900000,GBP,5897145.284494166,742472254300.4933
0001628280-23-006683,0001649373,International Financial Reporting Standards,Santander UK Group Holdings plc,--12-31,2022,X0,292243000000,GBP,13600000,GBP,16367586.912065443,351714169260.49567
0001628280-23-006680,0001087711,International Financial Reporting Standards,Santander UK plc,--12-31,2022,X0,285213000000,GBP,12500000,GBP,15043737.970648386,343253571025.80304
0001303523-23-000012,0001303523,International Financial Reporting Standards,British American Tobacco p.l.c.,--12-31,2022,X0,153546000000,GBP,9400000,GBP,11312890.953927586,184792463235.29416
0001193125-23-057355,0000858446,International Financial Reporting Standards,InterContinental Hotels Group PLC,--12-31,2022,X0,4216000000,USD,6000000,USD,6000000,4216000000
0001104659-23-027626,0001000184,International Financial Reporting Standards,SAP SE,--12-31,2022,2M,72159000000,EUR,4000000,EUR,4268666.666666667,77005679500.00002
0001193125-23-056506,0001898416,International Financial Reporting Standards,ALVOTECH,--12-31,2022,N4,828443000,USD,2615000,USD,2615000,828443000
0000891478-23-000047,0000891478,International Financial Reporting Standards,"BANCO SANTANDER, S.A.",--12-31,2022,U3,14272000000,EUR,113400000,EUR,121016700.00000001,15230602666.666668
0001292814-23-000614,0001471055,International Financial Reporting Standards,BANCO SANTANDER (BRASIL) S.A.,--12-31,2022,D5,886630727000,BRL,425767000,BRL,80266932.66399719,167150410581.2331
0001558370-23-002342,0001698287,International Financial Reporting Standards,"Banco Santander Mexico S.A., Institucion de Banca Multiple, Grupo Financiero Santander Mexico",--12-31,2022,O5,3307000000,MXN,105000000,MXN,5374753.372836317,169279137.18066382
0001628280-23-005401,0000912958,International Financial Reporting Standards,MILLICOM INTERNATIONAL CELLULAR SA,--12-31,2022,N4,1942000000,USD,5100000,USD,5100000,1942000000
0000950170-23-004852,0001859795,International Financial Reporting Standards,NOVONIX LIMITED,--12-31,2022,C3,277424558,USD,471568,USD,471568,277424558
0001104659-23-026486,0000352960,International Financial Reporting Standards,SWEDISH EXPORT CREDIT CORP /SWED/,--12-31,2022,V7,375474000000,SEK,9000000,SEK,862424.0120443342,35979754833.14826
0001160106-23-000008,0001160106,International Financial Reporting Standards,LLOYDS BANKING GROUP plc,--12-31,2022,X0,877829000000,GBP,1900000,GBP,2286648.1715385546,1056466356722.904
0001104659-23-025378,0000844150,International Financial Reporting Standards,NatWest Group plc,--12-31,2022,X0,226375000000,GBP,40500000,GBP,48741711.024900764,272442094648.44226
0001628280-23-004989,0000863064,International Financial Reporting Standards,Rio Tinto plc,--12-31,2022,C3,96744000000,USD,27000000,USD,27000000,96744000000
0001628280-23-004989,0000863064,International Financial Reporting Standards,Rio Tinto plc,--12-31,2022,C3,96744000000,USD,27000000,USD,27000000,96744000000
0001121404-23-000008,0001121404,International Financial Reporting Standards,Sanofi,--12-31,2022,I0,126722000000,EUR,14200000,EUR,15153766.666666668,135233494333.33336
0001558370-23-001846,0000929869,International Financial Reporting Standards,RELX PLC,--12-31,2022,X0,15829000000,GBP,9100000,GBP,10951841.242632024,19050186266.991463
0000814052-23-000035,0000814052,International Financial Reporting Standards,"TELEFÓNICA, S.A.",--12-31,2022,U3,109642000000,EUR,7730000,EUR,8249198.333333335,117006287666.66669
0001104659-23-024168,0001333141,International Financial Reporting Standards,FRESENIUS MEDICAL CARE AG & Co. KGaA,--12-31,2022,DE,35754114000,EUR,14354000,EUR,15318110.333333336,38155598657.00001
0001140465-23-000029,0001140465,International Financial Reporting Standards,HSBC Bank plc,--12-31,2022,X0,17754000000,GBP,12000000.0,GBP,14441988.45182245,21366921914.471313
0001089113-23-000006,0001089113,International Financial Reporting Standards,HSBC Holdings plc,--12-31,2022,X0,95373000000,USD,99200000,USD,99200000,95373000000
0001104659-23-023818,0000901832,International Financial Reporting Standards,ASTRAZENECA PLC,--12-31,2022,X0,16786000000,USD,9900000,USD,9900000,16786000000
0000313216-23-000005,0000313216,International Financial Reporting Standards,KONINKLIJKE PHILIPS NV,--12-31,2022,P7,30688000000,EUR,8900000,EUR,9497783.333333334,32749210666.66667
0000950170-23-003068,0001612042,International Financial Reporting Standards,Ascendis Pharma A/S,--12-31,2022,G7,1089738000,EUR,814000,EUR,868673.6666666667,1162932069.0000002
0000312070-23-000005,0000312070,International Financial Reporting Standards,BARCLAYS BANK PLC,--12-31,2022,X0,324457000000,GBP,20000000,GBP,24069980.753037415,390483687259.413
0000312069-23-000046,0000312069,International Financial Reporting Standards,Barclays PLC,--12-31,2022,X0,589571000000,GBP,10000000,GBP,12034990.376518708,709548131127.4512
0001213900-23-007932,0001815436,International Financial Reporting Standards,ADVANCED HEALTH INTELLIGENCE LTD,--06-30,2022,C3,10663637,AUD,159900,AUD,109999.42380290086,7335796.9083383
0001628280-23-001868,0000353278,International Financial Reporting Standards,NOVO NORDISK A/S,--12-31,2022,G7,241257000000,DKK,2000000,DKK,286996.1990820425,34619921000.96816
0001654954-22-015798,0000811522,,QUARTZ MOUNTAIN RESOURCES LTD.,--07-31,2022,Z4,842553,CAD,31569,CAD,24661.974319779885,658209.6502598593
0001104659-22-115615,0000719245,International Financial Reporting Standards,WESTPAC BANKING CORP,--09-30,2022,C3,1014198000000,AUD,28442000,AUD,18390330.061024144,655770901034.7572
0001656081-22-000042,0001656081,International Financial Reporting Standards,ENDAVA PLC,--06-30,2022,X0,621855000,GBP,2497000,GBP,3022178.8627359592,752645989.8625029
0001193125-22-273026,0001506184,International Financial Reporting Standards,Immutep Limited,--06-30,2022,C3,102169550,AUD,561485,AUD,386260.3281674283,70285125.89244321
0001654954-22-014395,0001302084,,NEXTSOURCE MATERIALS INC.,--06-30,2022,,29297860,USD,65291,USD,65291,29297860
0001213900-22-066882,0001873875,International Financial Reporting Standards,Incannex Healthcare Limited,--06-30,2022,C3,37879608,USD,23138,USD,23138,37879608
0001193125-22-263335,0001075880,International Financial Reporting Standards,Kazia Therapeutics Limited,--06-30,2022,C3,34958000,AUD,181000,AUD,124514.66984568514,24048529.439035695
0000950170-22-019563,0001191070,International Financial Reporting Standards,BIONOMICS LIMITED/FI,--06-30,2022,C3,65310172,AUD,969726,AUD,667100.0703357838,44928588.42069011
0001213900-22-059516,0001816319,International Financial Reporting Standards,LYTUS TECHNOLOGIES HOLDINGS PTV. LTD.,--03-31,2022,D8,86828917,USD,331633,USD,331633,86828917
0001213900-22-054904,0001660046,International Financial Reporting Standards,IMMURON LIMITED,--06-30,2022,C3,257500,AUD,173631,AUD,119445.34055235445,177141.0358301874
0001213900-22-052529,0001131343,International Financial Reporting Standards,ALTERITY THERAPEUTICS LIMITED,--06-30,2022,C3,41362611,AUD,216400,AUD,148867.2627326313,28454430.124975163
0001564590-22-030576,0001345099,International Financial Reporting Standards,MESOBLAST LTD,--06-30,2022,C3,662142000,USD,745021,USD,745021,662142000
0000950170-22-017937,0001859795,International Financial Reporting Standards,NOVONIX LIMITED,--06-30,2022,C3,367231719,AUD,367000,AUD,252468.97145506323,252628377.06159347
0001104659-22-096355,0000314590,International Financial Reporting Standards,Sasol Limited,--06-30,2022,T3,419548000000,ZAR,131000000,ZAR,7997372.7981756525,25612837883.42747
0001493152-22-024334,0001166272,International Financial Reporting Standards,GENETIC TECHNOLOGIES LIMITED,--06-30,2022,C3,2668618,AUD,20000,AUD,13758.52705477184,1835812.6475925555
0001140361-22-030925,0001898601,International Financial Reporting Standards,IPERIONX Ltd,--06-30,2022,C3,9908489,USD,561970,USD,561970,9908489
0001654954-22-011326,0001175596,International Financial Reporting Standards,AMARC RESOURCES LTD.,--03-31,2022,Z4,991828,CAD,96897,CAD,77407.4263816926,792334.6738629822
0001493152-22-022836,0001849296,International Financial Reporting Standards,OKYO Pharma Limited,--03-31,2022,Y7,4300593,USD,200773,USD,200773,4300593
0000835403-22-000008,0000835403,International Financial Reporting Standards,DIAGEO plc,--06-30,2022,X0,36516000000,GBP,12800000,GBP,15492146.352831509,44196188767.18714
0001558370-22-010932,0001038683,International Financial Reporting Standards,Ryanair Holdings plc,--03-31,2022,L2,15149800000,EUR,600000,EUR,666060.0,16817792980.000002
0001564590-22-024528,0001764791,International Financial Reporting Standards,Orphazyme A/S,--12-31,2021,G7,173229000,DKK,2743000,DKK,417772.2822871282,26383621.83314507
0001104659-22-071759,0000839923,International Financial Reporting Standards,VODAFONE GROUP PUBLIC LTD CO,--03-31,2022,X0,153953000000,EUR,4000000,EUR,4440400.0,170903225300.0
0001062993-22-014914,0001868079,International Financial Reporting Standards,PREDICTMEDIX INC.,--01-31,2022,Z4,1236657,CAD,33983,CAD,26636.29227850769,969306.9270006323
0001004315-22-000057,0001004315,International Financial Reporting Standards,NATIONAL GRID PLC,--03-31,2022,X0,94860000000,GBP,18900000,GBP,24801572.19693836,124480271883.68108
0001213900-22-026185,0001546383,International Financial Reporting Standards,JX Luxventure Ltd,--12-31,2021,1T,38094422,USD,200000,USD,200000,38094422
0001654954-22-006117,0001369128,,Digatrade Financial Corp,--12-31,2021,,303867,CAD,118274,CAD,93071.02925033002,239116.07323004238
0001654954-22-005852,0000868822,International Financial Reporting Standards,CANAGOLD RESOURCES LTD.,--12-31,2021,Z4,27583000,USD,59000,USD,59000,27583000
0001410578-22-001114,0001470683,International Financial Reporting Standards,Antelope Enterprise Holdings Ltd,--12-31,2021,D8,147890000,CNY,1898000,CNY,298785.8840535394,23281056.05515171
0001104659-22-054625,0001841675,International Financial Reporting Standards,Argo Blockchain Plc,--12-31,2021,X0,287699000,GBP,170000,GBP,229140.28657114296,387784890.0366545
0001292814-22-002002,0001606457,International Financial Reporting Standards,Atento S.A.,--12-31,2021,N4,1107776000,USD,1987000,USD,1987000,1107776000
0001140361-22-016877,0001783010,International Financial Reporting Standards,Amryt Pharma plc,--12-31,2021,X0,816057000,USD,92000,USD,92000,816057000
0001193125-22-129996,0001268896,International Financial Reporting Standards,China Life Insurance Company Limited,--12-31,2021,F4,4891085000000,CNY,53000000,CNY,8343336.06682697,769961620498.4225
0001193125-22-133568,0001824036,International Financial Reporting Standards,IDEX Biometrics ASA,--12-31,2021,Q8,42026000,USD,352000,USD,352000,42026000
0001558370-22-006395,0001612940,International Financial Reporting Standards,ProQR Therapeutics N.V.,--12-31,2021,P7,209579000,EUR,419000,EUR,474559.4,237369175.4
0001193125-22-125601,0001117795,International Financial Reporting Standards,CHINA MOBILE LTD /ADR/,--12-31,2021,K3,8136757000000,CNY,98000000,CNY,15427300.651868736,1280899965002.0154
0001104659-22-052405,0001123658,International Financial Reporting Standards,CHINA PETROLEUM & CHEMICAL CORPORATION,--12-31,2021,F4,371100000000,CNY,59000000,CNY,9287864.678165872,58419094611.311104
0001193125-22-125445,0001041668,International Financial Reporting Standards,CHINA SOUTHERN AIRLINES COMPANY LIMITED,--12-31,2021,F4,312020000000,CNY,14000000,CNY,2203900.0931241056,49118636218.32738
0001193125-22-127942,0001012139,International Financial Reporting Standards,GUANGSHEN RAILWAY COMPANY LIMITED,--12-31,2021,F4,37403422000,CNY,8400000,CNY,1322340.0558744632,5888100373.497157
0001193125-22-126644,0000908732,International Financial Reporting Standards,Sinopec Shanghai Petrochemical Company Limited,--12-31,2021,F4,13317338000,CNY,6837000,CNY,1076290.3526206792,2096434461.311799
0001104659-22-051264,0001795579,International Financial Reporting Standards,Calliditas Therapeutics AB,--12-31,2021,V7,1459910000,SEK,6235000,SEK,688932.128815742,161311772.92371935
0001782999-22-000004,0001782999,International Financial Reporting Standards,PURETECH HEALTH PLC,--12-31,2021,X0,946006000,USD,1183000,USD,1183000,946006000
0001104659-22-048663,0001161611,International Financial Reporting Standards,ALUMINUM CORP OF CHINA LTD,--12-31,2021,F4,192376897000,CNY,18170000,CNY,2860347.4780046423,30284247229.516174
0001104659-22-048063,0000929058,International Financial Reporting Standards,"HUANENG POWER INTERNATIONAL, INC.",--12-31,2021,F4,277781000,CNY,32996000,CNY,5194277.67662307,43728683.697721936
0001628280-22-008534,0000806968,International Financial Reporting Standards,WPP plc,--12-31,2021,Y9,,,7100000,GBP,9569976.674441854,
0001628280-22-008197,0001598599,International Financial Reporting Standards,Innate Pharma SA,--12-31,2021,I0,267496000,EUR,702000,EUR,795085.2000000001,302965969.6
0001634621-22-000007,0001038143,International Financial Reporting Standards,ORANGE,--12-31,2021,I0,42679000000,EUR,8200000,EUR,9287320.0,48338235400.0
0001104659-22-041054,0001828253,International Financial Reporting Standards,Evaxion Biotech A/S,--12-31,2021,G7,40163000,USD,177000,USD,177000,40163000
0001558370-22-004908,0001464591,International Financial Reporting Standards,GEOPARK LIMITED,--12-31,2021,D0,689401000,USD,1023000,USD,1023000,689401000
0001193125-22-091822,0001719714,International Financial Reporting Standards,Mereo Biopharma Group plc,--12-31,2021,X0,126417000,GBP,358000,GBP,482542.485838054,170395456.51449516
0001554855-22-000170,0001190723,International Financial Reporting Standards,Tenaris SA,--12-31,2021,N4,56294000,USD,3804000,USD,3804000,56294000
0001193125-22-089608,0000938323,International Financial Reporting Standards,PEARSON PLC,--12-31,2021,X0,7343000000,GBP,5000000,GBP,6739420.193268911,9897512495.83472
0001342874-22-000023,0001342874,International Financial Reporting Standards,TERNIUM S.A.,--12-31,2021,N4,17097907000,USD,3157000,USD,3157000,17097907000
0001564590-22-012066,0001830487,International Financial Reporting Standards,Pharvaris N.V.,--12-31,2021,P7,212090064,EUR,1306714,EUR,1479984.2764,240213206.4864
0001193125-22-085267,0000717826,International Financial Reporting Standards,ERICSSON LM TELEPHONE CO,--12-31,2021,V7,305614000000,SEK,132000000,SEK,14585251.163380586,33768613250.343895
0001140361-22-011161,0001792045,International Financial Reporting Standards,Technip Energies N.V.,--12-31,2021,P7,2697800000,EUR,0,EUR,0.0,3055528280.0
0001104659-22-037611,0001674988,International Financial Reporting Standards,ZEALAND PHARMA A/S,--12-31,2021,G7,2067629000,DKK,7879000,DKK,1200010.1393147223,314909984.0514227
0001558370-22-004270,0001421876,International Financial Reporting Standards,GALAPAGOS NV,--12-31,2021,C9,5193160000,EUR,860300,EUR,974375.78,5881773016.0
0001387131-22-003914,0001836564,International Financial Reporting Standards,Valneva SE,--12-31,2021,I0,,EUR,1122000,EUR,1270777.2,
0001865408-22-000005,0001865408,International Financial Reporting Standards,EXSCIENTIA PLC,--12-31,2021,X0,640666000,GBP,637000,GBP,858602.1326224592,863543475.508164
0001104659-22-037092,0001655891,International Financial Reporting Standards,TORM plc,--12-31,2021,X0,2330999000,USD,800000,USD,800000,2330999000
0001193125-22-080376,0000769218,International Financial Reporting Standards,AEGON NV,--12-31,2021,P7,468252000000,EUR,31000000,EUR,35110600.0,530342215200.0
0001558370-22-003983,0001697862,International Financial Reporting Standards,ARGENX SE,--12-31,2021,P7,2850274000,USD,1183000,USD,1183000,2850274000
0000313807-22-000012,0000313807,International Financial Reporting Standards,BP PLC,--12-31,2021,X0,287272000000,USD,57000000,USD,57000000,287272000000
0001140625-22-000038,0001140625,International Financial Reporting Standards,Equinor ASA,--12-31,2021,Q8,147120000000,USD,14400000,USD,14400000,147120000000
0001104659-22-034825,0001116578,International Financial Reporting Standards,PRUDENTIAL PLC,--12-31,2021,X0,103477000000,USD,8300000,USD,8300000,103477000000
0001564590-22-010774,0001479615,International Financial Reporting Standards,Silence Therapeutics plc,--12-31,2021,X0,,,403000,GBP,543197.2675774742,
0001650107-22-000021,0001650107,International Financial Reporting Standards,COCA-COLA EUROPACIFIC PARTNERS PLC,--12-31,2021,X0,29090000000,EUR,10244000,EUR,11602354.4,32947334000.0
0001562762-22-000122,0001039765,International Financial Reporting Standards,ING GROEP NV,--12-31,2021,P7,951934000000,EUR,27000000,EUR,30580200.0,1078160448400.0
0001306965-22-000012,0001306965,International Financial Reporting Standards,Shell plc,--12-31,2021,X0,404379000000,USD,57000000,USD,57000000,404379000000
0000217410-22-000009,0000217410,International Financial Reporting Standards,UNILEVER PLC,--12-31,2021,X0,75095000000,EUR,5000000,EUR,5663000.0,85052597000.0
0001193125-22-068869,0001303523,International Financial Reporting Standards,British American Tobacco p.l.c.,--12-31,2021,X0,137365000000,GBP,8700000,GBP,11726591.136287903,185152090969.6768
0001193125-22-068957,0001131399,International Financial Reporting Standards,GlaxoSmithKline plc,--12-31,2021,X0,79103000000,GBP,13200000,GBP,17792069.310229924,106621671109.63011
0001160106-22-000022,0001167831,International Financial Reporting Standards,LLOYDS BANK plc,--12-31,2021,X0,602849000000,GBP,4700000,GBP,6335054.981672776,812570544818.3939
0001628280-22-005238,0001649373,International Financial Reporting Standards,Santander UK Group Holdings plc,--12-31,2021,X0,293676000000,GBP,13300000,GBP,17926857.714095302,395841192935.6881
0001628280-22-005240,0001087711,International Financial Reporting Standards,Santander UK plc,--12-31,2021,X0,287098000000,GBP,12100000,GBP,16309396.867710762,386974811729.4235
0001104659-22-030147,0000844150,International Financial Reporting Standards,NatWest Group plc,--12-31,2021,X0,209973000000,GBP,39300000,GBP,52971842.719093636,283019255248.2506
0001558370-22-002789,0001698287,International Financial Reporting Standards,"Banco Santander Mexico S.A., Institucion de Banca Multiple, Grupo Financiero Santander Mexico",--12-31,2021,O5,3727000000,MXN,99000000,MXN,4844813.729811008,182390108.79803663
0001193125-22-063939,0000858446,International Financial Reporting Standards,INTERCONTINENTAL HOTELS GROUP PLC /NEW/,--12-31,2021,X0,4716000000,USD,3700000,USD,3700000,4716000000
0001104659-22-029675,0001000184,International Financial Reporting Standards,SAP SE,--12-31,2021,2M,71169000000,EUR,3000000,EUR,3397800.0,80606009400.0
0001193125-22-062998,0001612042,International Financial Reporting Standards,Ascendis Pharma A/S,--12-31,2021,G7,1084921000,EUR,771000,EUR,873234.6000000001,1228781524.6000001
0000891478-22-000044,0000891478,International Financial Reporting Standards,"BANCO SANTANDER, S.A.",--12-31,2021,U3,13478000000,EUR,103700000,EUR,117450620.0,15265182800.0
0001628280-22-004399,0000912958,International Financial Reporting Standards,MILLICOM INTERNATIONAL CELLULAR SA,--12-31,2021,N4,2336000000,USD,5200000,USD,5200000,2336000000
0001292814-22-000736,0001471055,,BANCO SANTANDER (BRASIL) S.A.,--12-31,2021,D5,931208396000,BRL,355343000,BRL,63780523.573318966,167142617281.75467
0001160106-22-000008,0001160106,International Financial Reporting Standards,LLOYDS BANKING GROUP plc,--12-31,2021,X0,886525000000,GBP,1800000,GBP,2426191.269576808,1194932897367.5442
0001140361-22-006719,0001359711,International Financial Reporting Standards,Micro Focus International plc,--10-31,2021,X0,10346600000,USD,15500000,USD,15500000,10346600000
0000814052-22-000023,0000814052,International Financial Reporting Standards,"TELEFÓNICA, S.A.",--12-31,2021,U3,109213000000,EUR,7390000,EUR,8369914.0,123694643800.0
0001104659-22-026433,0000352960,International Financial Reporting Standards,SWEDISH EXPORT CREDIT CORP /SWED/,--12-31,2021,V7,333647000000,SEK,8000000,SEK,883954.6159624597,36866100719.00335
0000312070-22-000004,0000312070,International Financial Reporting Standards,BARCLAYS BANK PLC,--12-31,2021,X0,260524000000,GBP,19000000,GBP,25609796.734421857,351156141286.2379
0000312069-22-000059,0000312069,International Financial Reporting Standards,Barclays PLC,--12-31,2021,X0,548461000000,GBP,9000000,GBP,12130956.347884038,739261827724.092
0001089113-22-000002,0001089113,International Financial Reporting Standards,HSBC Holdings plc,--12-31,2021,X0,93707000000,USD,90100000,USD,90100000,93707000000
0001121404-22-000007,0001121404,International Financial Reporting Standards,Sanofi,--12-31,2021,I0,120242000000,EUR,13900000,EUR,15743140.0,136186089200.0
0001104659-22-025720,0000901832,International Financial Reporting Standards,ASTRAZENECA PLC,--12-31,2021,X0,16615000000,USD,10500000,USD,10500000,16615000000
0001104659-22-025549,0001333141,International Financial Reporting Standards,FRESENIUS MEDICAL CARE AG & Co. KGaA,--12-31,2021,DE,34366558000,EUR,10524000,EUR,11919482.4,38923563590.8
0000313216-22-000008,0000313216,International Financial Reporting Standards,KONINKLIJKE PHILIPS NV,--12-31,2021,P7,30961000000,EUR,9700000,EUR,10986220.0,35066428600.0
0001193125-22-045453,0000929869,International Financial Reporting Standards,RELX PLC,--12-31,2021,X0,13858000000,GBP,8400000,GBP,11322225.92469177,18678977007.664112
0001628280-22-001639,0000353278,International Financial Reporting Standards,NOVO NORDISK A/S,--12-31,2021,G7,194508000000,DKK,3000000,DKK,456914.6361142489,29624517347.10344
0001654954-21-012651,0000811522,,QUARTZ MOUNTAIN RESOURCES LTD.,--07-31,2021,Z4,598556,CAD,44718,CAD,35925.07824676788,480861.6471012208
0001104659-21-133306,0000719245,International Financial Reporting Standards,WESTPAC BANKING CORP,--09-30,2021,C3,935877000000,AUD,29306000,AUD,21083204.34917676,673284857595.5265
0001568276-21-001985,0001302084,,NEXTSOURCE MATERIALS INC.,--06-30,2021,,26919591,USD,99316,USD,99316,26919591
0001193125-21-306062,0001506184,International Financial Reporting Standards,IMMUTEP Ltd,--06-30,2021,C3,82030533,AUD,289202,AUD,216796.60430202485,61493146.67078786
0001193125-21-293688,0001075880,International Financial Reporting Standards,Kazia Therapeutics Limited,--06-30,2021,C3,58088000,AUD,151000,AUD,113195.2311865262,43544931.05405916
0001656081-21-000053,0001656081,International Financial Reporting Standards,ENDAVA PLC,--06-30,2021,X0,473209000,GBP,2370000,GBP,3282452.0715576014,655394878.620127
0001104659-21-118074,0000314590,International Financial Reporting Standards,Sasol Limited,--06-30,2021,T3,360743000000,ZAR,136000000,ZAR,9500828.855943661,25201158117.49768
0001437749-21-022141,0001681348,International Financial Reporting Standards,VivoPower International PLC,--06-30,2021,X0,35604000,USD,0,USD,0,35604000
0001213900-21-046254,0001131343,International Financial Reporting Standards,ALTERITY THERAPEUTICS LIMITED,--06-30,2021,C3,33585754,AUD,202400,AUD,151726.58802750267,25177133.699362896
0001493152-21-021609,0001166272,International Financial Reporting Standards,GENETIC TECHNOLOGIES LIMITED,--06-30,2021,C3,22971688,AUD,,AUD,,17220433.999369204
0001564590-21-046486,0001345099,International Financial Reporting Standards,MESOBLAST LTD,--06-30,2021,C3,744717000,USD,747783,USD,747783,744717000
0000835403-21-000011,0000835403,International Financial Reporting Standards,DIAGEO plc,--06-30,2021,X0,31953000000,GBP,10800000,GBP,14958009.440009322,44254932929.31647
0001654954-21-008292,0001175596,,AMARC RESOURCES LTD,--03-31,2021,A1,1560370,CAD,45828,CAD,36350.51413881748,1237676.7859558924
0001558370-21-009268,0001038683,,Ryanair Holdings plc,--03-31,2021,,12328000000,EUR,600000,EUR,703500.0000000001,14454580000.000002
0001104659-21-084539,0000839923,,VODAFONE GROUP PUBLIC LTD CO,--03-31,2021,,155063000000,EUR,20000000,EUR,23450000.000000004,181811367500.0
0001004315-21-000067,0001004315,International Financial Reporting Standards,NATIONAL GRID PLC,--03-31,2021,X0,67216000000,GBP,17000000.0,GBP,23392482.014810644,92491121829.85367
0001493152-21-012133,0001707919,,NAKED BRAND GROUP Ltd,--01-31,2021,,159882000,NZD,,NZD,,114821786.4730668
0001213900-21-026934,0001546383,,KBS Fashion Group Ltd,--12-31,2020,1T,62475419,USD,114400,USD,114400,62475419
0001654954-21-004828,0000868822,,Canagold Resources Ltd.,--12-31,2020,A1,23640000,CAD,32000,CAD,25118.147508475664,18556031.471886396
0001104659-21-056773,0001470683,,Antelope Enterprise Holdings Ltd,--12-31,2020,,,,1951000,CNY,298419.70707385475,
0001193125-21-138189,0001268896,International Financial Reporting Standards,CHINA LIFE INSURANCE CO LTD,--12-31,2020,,4252410000000,CNY,63000000,CNY,9636310.377064506,650437184294.1726
0001193125-21-140476,0001830487,International Financial Reporting Standards,Pharvaris N.V.,--12-31,2020,P7,101099618,EUR,1275842,EUR,1565585.7182,124059341.24780001
0001193125-21-138800,0000806968,,WPP plc,--12-31,2020,,,,1900000,GBP,2593339.488114969,
0001193125-21-135367,0001117795,,CHINA MOBILE LTD /ADR/,--12-31,2020,,1727882000000,CNY,109000000,CNY,16672346.52539732,264292178522.9043
0001193125-21-136208,0001041668,International Financial Reporting Standards,CHINA SOUTHERN AIRLINES CO LTD,--12-31,2020,F4,317741000000,CNY,17000000,CNY,2600274.228731692,48600807865.378624
0001193125-21-136935,0000908732,International Financial Reporting Standards,SINOPEC SHANGHAI PETROCHEMICAL CO LTD,--12-31,2020,,23666744000,CNY,7800000,CNY,1193066.9990651293,3620001441.2464943
0001193125-21-132907,0001012139,,GUANGSHEN RAILWAY CO LTD,--12-31,2020,F4,36573556000,CNY,8400000,CNY,1284841.3836086006,5594192654.110315
0001628280-21-007629,0001598599,International Financial Reporting Standards,Innate Pharma SA,--12-31,2020,I0,307423000,EUR,684000,EUR,839336.4,377238763.3
0001654954-21-004598,0001369128,,DIGATRADE FINANCIAL CORP.,--12-31,2020,A1,293157,CAD,109154,CAD,85679.57103562976,230111.27403569376
0001553350-21-000322,0000793628,,CHINA NATURAL RESOURCES INC,--12-31,2020,D8,142428000,CNY,1000000,CNY,152957.30757245247,21785403.402929258
0001104659-21-053404,0001161611,,ALUMINUM CORP OF CHINA LTD,--12-31,2020,,194901684000,CNY,18170000,CNY,2779234.2785914615,29811636825.976936
0000950103-21-005896,0001095595,,CNOOC LTD,--12-31,2020,F4,61662000000,CNY,55000000,CNY,8412651.916484885,9431653499.532564
0001104659-21-052188,0001123658,,CHINA PETROLEUM & CHEMICAL CORPORATION,--12-31,2020,F4,1733805000000,CNY,73000000,CNY,11165883.452789031,265198144655.65598
0001104659-21-052520,0000929058,International Financial Reporting Standards,"HUANENG POWER INTERNATIONAL, INC.",--12-31,2020,F4,1255888000,CNY,39117000,CNY,5983231.000311623,192097247.09255219
0001628280-21-006938,0001782999,International Financial Reporting Standards,PURETECH HEALTH PLC,--12-31,2020,X0,989994000,USD,1145000,USD,1145000,989994000
0001493152-21-008577,0001712641,,Biofrontera AG,--12-31,2020,,56391000,EUR,530000,EUR,650363.0,69197396.10000001
0001558370-21-004050,0001828253,,Evaxion Biotech A/S,--12-31,2020,,11965000,USD,308000,USD,308000,11965000
0001193125-21-103235,0000938323,,PEARSON PLC,--12-31,2020,,7451000000,GBP,5000000,GBP,6824577.600302549,10169985539.970858
0001558370-21-003846,0001464591,International Financial Reporting Standards,GeoPark Ltd,--12-31,2020,D0,960266000,USD,926000,USD,926000,960266000
0001193125-21-102416,0001719714,International Financial Reporting Standards,Mereo Biopharma Group plc,--12-31,2020,,62947000,GBP,449000,GBP,612847.0685071689,85917337.2412489
0001342874-21-000031,0001342874,International Financial Reporting Standards,TERNIUM S.A.,--12-31,2020,N4,12856235000,USD,3132000,USD,3132000,12856235000
0001558370-21-003722,0001697862,,ARGENX SE,--12-31,2020,,1857693000,EUR,808000,EUR,991496.8,2279575080.3
0001554855-21-000059,0001190723,,Tenaris SA,--12-31,2019,,14842991000,USD,3846000,USD,3846000,14842991000
0001193125-21-094445,0000717826,International Financial Reporting Standards,ERICSSON LM TELEPHONE CO,--12-31,2020,V7,271530000000,SEK,97000000,SEK,11862182.713293403,33205551259.18101
0001554855-21-000053,0001421876,U.S. GAAP,GALAPAGOS NV,--12-31,2020,C9,5717731000,EUR,1202800,EUR,1475955.8800000001,7016227710.1
0001558370-21-003401,0001714174,,Burford Capital Ltd,--12-31,2020,,2728294000,USD,2110000,USD,2110000,2728294000
0001558370-21-003399,0001612940,,ProQR Therapeutics N.V.,--12-31,2020,P7,98729000,EUR,487000,EUR,597597.7000000001,121150355.9
0001292814-21-001085,0001606457,International Financial Reporting Standards,Atento S.A.,--12-31,2020,N4,1176123000,USD,1187000,USD,1187000,1176123000
0001628280-21-005241,0000313807,International Financial Reporting Standards,BP PLC,--12-31,2020,X0,267654000000,USD,52000000,USD,52000000,267654000000
0001140625-21-000006,0001140625,International Financial Reporting Standards,Equinor ASA,--12-31,2020,,121972000000,USD,10700000,USD,10700000,121972000000
0001193125-21-085861,0000769218,,AEGON NV,--12-31,2020,,750000000,EUR,34000000,EUR,41721400.0,920325000.0000001
0001634621-21-000008,0001038143,International Financial Reporting Standards,ORANGE,--12-31,2020,I0,40477000000,EUR,10000000.0,EUR,12271000.0,49669326700.0
0001047469-21-000601,0001116578,,PRUDENTIAL PLC,--12-31,2020,X0,516097000000,USD,2300000,USD,2300000,516097000000
0001650107-21-000022,0001650107,International Financial Reporting Standards,COCA-COLA EUROPEAN PARTNERS PLC,--12-31,2020,X0,19237000000,EUR,6195000,EUR,7601884.500000001,23605722700.0
0001193125-21-079417,0001131399,International Financial Reporting Standards,GlaxoSmithKline plc,--12-31,2020,X0,80431000000,GBP,13800000,GBP,18835834.176835034,109781520193.98686
0001562762-21-000116,0001039765,International Financial Reporting Standards,ING GROEP NV,--12-31,2020,P7,933891000000,EUR,25000000,EUR,30677500.000000004,1145977646100.0
0001160106-21-000020,0001167831,International Financial Reporting Standards,LLOYDS BANK plc,--12-31,2020,X0,599939000000,GBP,4500000,GBP,6142119.840272294,818866052189.5822
0001306965-21-000025,0001306965,,ROYAL DUTCH SHELL PLC,--12-31,2020,,379268000000,USD,53000000,USD,53000000,379268000000
0001193125-21-076349,0001612042,International Financial Reporting Standards,Ascendis Pharma A/S,--12-31,2020,G7,979793000,EUR,599000,EUR,735032.9,1202303990.3000002
0001628280-21-004466,0000912958,International Financial Reporting Standards,MILLICOM INTERNATIONAL CELLULAR SA,--12-31,2020,N4,2589000000,USD,5800000,USD,5800000,2589000000
0001193125-21-075770,0000217410,,UNILEVER PLC,--12-31,2020,,67659000000,EUR,6000000,EUR,7362600.000000001,83024358900.0
0001193125-21-073992,0001303523,International Financial Reporting Standards,British American Tobacco p.l.c.,--12-31,2020,X0,137690000000,GBP,8700000,GBP,11874765.024526434,187935217957.1316
0001104659-21-032442,0000844150,,NatWest Group plc,--12-31,2020,X0,799491000000,GBP,40000000,GBP,54596620.80242039,1091237674048.697
0001193125-21-068584,0000858446,,INTERCONTINENTAL HOTELS GROUP PLC /NEW/,--12-31,2020,,5039000000,USD,3000000,USD,3000000,5039000000
0001628280-21-003908,0001649373,International Financial Reporting Standards,Santander UK Group Holdings plc,--12-31,2020,X0,-2000000000.0,GBP,12300000,GBP,16788460.89674427,-2729831040.1210194
0001104659-21-031847,0001000184,International Financial Reporting Standards,SAP SE,--12-31,2020,2M,58472000000,EUR,3000000,EUR,3681300.0000000005,71750991200.0
0001121404-21-000004,0001121404,International Financial Reporting Standards,Sanofi,--12-31,2020,I0,114529000000,EUR,13900000,EUR,17056690.0,140538535900.0
0001628280-21-003921,0001087711,International Financial Reporting Standards,Santander UK plc,--12-31,2020,X0,2000000000.0,GBP,11400000,GBP,15560036.928689811,2729831040.1210194
0001564590-21-010332,0001764791,International Financial Reporting Standards,Orphazyme A/S,--12-31,2020,G7,822493000,DKK,2416000,DKK,398429.43729925144,135639661.90917766
0000919574-21-002122,0001655891,,TORM plc,--12-31,2020,,1998643000,USD,0,USD,0,1998643000
0000842180-21-000008,0000842180,International Financial Reporting Standards,"BANCO BILBAO VIZCAYA ARGENTARIA, S.A.",--12-31,2020,,705683000000,EUR,6500000,EUR,7976150.000000001,865943609300.0
0000950103-21-003166,0001471055,,Banco Santander (Brasil) S.A.,--12-31,2020,D5,936201485000,BRL,319814000,BRL,61574293.465129055,180248347414.05823
0000891478-21-000041,0000891478,International Financial Reporting Standards,"BANCO SANTANDER, S.A.",--12-31,2020,U3,25179000000,EUR,95800000,EUR,117556180.00000001,30897150900.000004
0001160106-21-000011,0001160106,International Financial Reporting Standards,LLOYDS BANKING GROUP plc,--12-31,2020,X0,871269000000,GBP,1700000,GBP,2320356.3841028665,1189208580247.6003
0000814052-21-000034,0000814052,,TELEFONICA S A,--12-31,2020,,105051000000,EUR,11230000,EUR,13780333.0,128908082100.00002
0001628280-21-003046,0001089113,International Financial Reporting Standards,HSBC Holdings plc,--12-31,2020,X0,89362000000,USD,93900000,USD,93900000,89362000000
0001140361-21-005963,0001359711,International Financial Reporting Standards,MICRO FOCUS INTERNATIONAL PLC,--10-31,2020,,11146800000,USD,12800000,USD,12800000,11146800000
0001047469-21-000424,0001333141,,FRESENIUS MEDICAL CARE AG & Co. KGaA,--12-31,2020,,31689036000,EUR,455000,EUR,558330.5,38885616075.600006
0000313216-21-000008,0000313216,International Financial Reporting Standards,KONINKLIJKE PHILIPS NV,--12-31,2020,P7,27713000000,EUR,8800000,EUR,10798480.0,34006622300.000004
0001104659-21-026847,0000352960,,SWEDISH EXPORT CREDIT CORP /SWED/,--12-31,2020,,335399000000,SEK,9000000,SEK,1100614.8909241303,41016125977.89582
0001562762-21-000041,0000312070,International Financial Reporting Standards,BARCLAYS BANK PLC,--12-31,2020,,2968000000,GBP,13000000,GBP,17743901.760786626,4051069263.5395927
0001562762-21-000043,0000312069,International Financial Reporting Standards,BARCLAYS PLC,--12-31,2020,X0,226483000000,GBP,9000000,GBP,12284239.680544589,309130161729.86444
0001193125-21-047466,0000929869,,RELX PLC,--12-31,2020,X0,14145000000,GBP,8600000,GBP,11738273.472520385,19306730031.25591
0001104659-21-022456,0000901832,,ASTRAZENECA PLC,--12-31,2020,X0,66729000000,USD,6300000,USD,6300000,66729000000
0001654954-20-012873,0000811522,,QUARTZ MOUNTAIN RESOURCES LTD,--07-31,2020,A1,218559,CAD,29885,CAD,22271.825386841112,162881.30783746383
0001104659-20-121166,0000719245,,WESTPAC BANKING CORP,--09-30,2020,C3,911946000000,AUD,32962000,AUD,23477253.680496413,649535452488.1373
0001493152-20-019793,0001166272,,GENETIC TECHNOLOGIES LTD,--06-30,2020,,15632979,AUD,274000,AUD,187729.5643661282,10710847.946769455
0001193125-20-274018,0001075880,International Financial Reporting Standards,KAZIA THERAPEUTICS LTD,--06-30,2020,,23063000,AUD,124000,AUD,84957.90504160547,15801485.19334312
0001193125-20-253940,0001506184,International Financial Reporting Standards,IMMUTEP Ltd,--06-30,2020,,46597252,AUD,282580,AUD,193608.10327949093,31925846.05335291
0001213900-20-026557,0001131343,,ALTERITY THERAPEUTICS LTD,--06-30,2020,C3,9907718,AUD,194900,AUD,133534.6426823299,6788217.4598629465
0001656081-20-000016,0001656081,,Endava plc,--06-30,2020,,360943000,GBP,1775000,GBP,2178408.206656949,442975320.18894595
0001437749-20-019412,0001681348,,VivoPower International PLC,--06-30,2020,,38519000,USD,,USD,,38519000
0001564590-20-042401,0001345099,International Financial Reporting Standards,MESOBLAST LTD,--06-30,2020,C3,733602000,USD,713461,USD,713461,733602000
0001047469-20-004692,0000314590,,SASOL LTD,--06-30,2020,,479162000000,ZAR,144000000,ZAR,8293748.231966054,27597562432.81471
0000835403-20-000006,0000835403,,DIAGEO PLC,--06-30,2020,,33308000000,GBP,100000,GBP,122727.22291025065,40877983406.94629
0001654954-20-008200,0001175596,,AMARC RESOURCES LTD,--03-31,2020,A1,529060,CAD,161450,CAD,113264.1480437984,371158.4401613626
0001558370-20-008471,0001038683,,Ryanair Holdings plc,--03-31,2020,,14747200000,EUR,700000,EUR,766919.9999999999,16157032319.999998
0001104659-20-080647,0000839923,,VODAFONE GROUP PUBLIC LTD CO,--03-31,2020,,152500000000,EUR,20000000,EUR,21912000.0,167079000000.0
0001004315-20-000053,0001004315,,NATIONAL GRID PLC,--03-31,2020,,67089000000,GBP,16900000,GBP,20887876.087226287,82919924190.29138
0001193125-20-169533,0001719714,,Mereo Biopharma Group plc,--12-31,2019,,86449000,GBP,514000,GBP,678687.8232251998,114147633.52139163
0001553350-20-000529,0000793628,,CHINA NATURAL RESOURCES INC,--12-31,2019,D8,8298000,CNY,1000000,CNY,143648.10434115466,1191991.9698229013
0001654954-20-006511,0001369128,,DIGATRADE FINANCIAL CORP.,--12-31,2019,A1,304423,CAD,124980,CAD,96179.293053843,234270.99479380736
0001213900-20-014439,0001546383,,KBS Fashion Group Ltd,--12-31,2019,1T,61088780,USD,138870,USD,138870,61088780
0001193125-20-147926,0000756620,,BT Group plc,--03-31,2020,,268000000,GBP,16861000,GBP,20839673.296255767,331239691.79743457
0001104659-20-064112,0001470683,,"China Ceramics Co., Ltd",--12-31,2019,,,,1689000,CNY,242621.64823221022,
0001493152-20-008013,0001707919,,NAKED BRAND GROUP Ltd,--01-31,2020,,88530000,NZD,,NZD,,57275277.17614002
0001654954-20-004669,0000868822,,CANARC RESOURCE CORP,--12-31,2019,,18314000,CAD,28000,CAD,21547.60926154268,14093675.571996162
0001599298-20-000005,0001599298,,Summit Therapeutics plc,--12-31,2019,,60635000,GBP,137000,GBP,180895.39257169722,80062716.26704277
0001171843-20-003101,0001190723,,Tenaris SA,--12-31,2019,,7885120000,USD,3846000,USD,3846000,7885120000
0001193125-20-128655,0000806968,,WPP plc,--12-31,2019,,8855100000,GBP,1500000,GBP,1980606.4880112836,11692312341.32581
0001193125-20-122124,0001117795,,CHINA MOBILE LTD /ADR/,--12-31,2019,,1629240000000,CNY,111000000,CNY,15944939.581868166,234037237516.7828
0001193125-20-121783,0001041668,International Financial Reporting Standards,CHINA SOUTHERN AIRLINES CO LTD,--12-31,2019,F4,295439000000,CNY,18000000,CNY,2585665.8781407834,42439252298.44639
0001193125-20-122065,0001012139,,GUANGSHEN RAILWAY CO LTD,--12-31,2019,F4,439596000,CNY,8400000,CNY,1206644.0764656991,63147132.075954214
0001193125-20-122219,0000908732,International Financial Reporting Standards,SINOPEC SHANGHAI PETROCHEMICAL CO LTD,--12-31,2019,,997650000,CNY,7800000,CNY,1120455.2138610063,143310531.29595292
0001171843-20-002847,0001598599,,Innate Pharma SA,--12-31,2019,,401361000,EUR,1190000,EUR,1336846.0,450888947.4
0000950103-20-007907,0001095595,,CNOOC LTD,--12-31,2019,F4,562038000000,CNY,54000000,CNY,7756997.634422352,80735693267.69388
0001493152-20-006857,0001712641,,Biofrontera AG,--12-31,2019,,58363000,EUR,571000,EUR,641461.4,65564994.199999996
0001634621-20-000009,0001038143,International Financial Reporting Standards,ORANGE,--12-31,2019,I0,37940000000,EUR,10200000,EUR,11458680.0,42621796000.0
0001104659-20-048558,0000929058,,HUANENG POWER INTERNATIONAL INC,--12-31,2019,,428250063000,CNY,42019000,CNY,6035949.696310977,61517309733.93005
0001292814-20-001333,0001606457,International Financial Reporting Standards,Atento S.A.,--12-31,2019,N4,1304611000,USD,1628000,USD,1628000,1304611000
0001104659-20-045548,0001123658,,CHINA PETROLEUM & CHEMICAL CORPORATION,--12-31,2019,F4,1755071000000,CNY,70000000,CNY,10055367.303880824,252112622134.13464
0001342874-20-000029,0001342874,,TERNIUM S.A..,--12-31,2019,,12935533000,USD,3485000,USD,3485000,12935533000
0001558370-20-003471,0001464591,,GeoPark Ltd,--12-31,2019,D0,852132000,USD,763000,USD,763000,852132000
0001193125-20-094164,0000938323,,PEARSON PLC,--12-31,2019,,4316000000,GBP,5000000,GBP,6602021.626704278,5698865068.171132
0001558370-20-003438,0001697862,,ARGENX SE,--12-31,2019,,1433339000,EUR,730000,EUR,820082.0,1610213032.6
0001558370-20-003457,0001612940,,ProQR Therapeutics N.V.,--12-31,2019,P7,117535000,EUR,515000,EUR,578551.0,132038819.0
0001558370-20-003378,0001434265,,Genmab A/S,--12-31,2019,,15144000000,DKK,1900000,DKK,285680.2516228334,2277021963.4611526
0001558370-20-003270,0001421876,,GALAPAGOS NV,--12-31,2019,,25912000,EUR,1406800,EUR,1580399.1199999999,29109540.799999997
0001193125-20-086441,0001303523,International Financial Reporting Standards,British American Tobacco p.l.c.,--12-31,2019,X0,141005000000,GBP,6800000,GBP,8978749.412317818,186183611894.68735
0000930413-20-000859,0001167831,,Lloyds Bank plc,--12-31,2019,,581368000000,GBP,4200000,GBP,5545698.166431593,767640821814.7626
0001193125-20-083397,0001087711,International Financial Reporting Standards,Santander UK plc,--12-31,2019,,281702000000,GBP,9300000,GBP,12279760.225669958,371960539257.16974
0001558370-20-003016,0001698287,,"Banco Santander Mexico S.A., Institucion de Banca Multiple, Grupo Financiero Santander Mexico",--12-31,2019,O5,1467548000000,MXN,103000000,MXN,5452832.678297094,77692171760.86937
0001140625-20-000007,0001140625,International Financial Reporting Standards,Equinor ASA,--12-31,2019,,118063000000,USD,4700000,USD,4700000,118063000000
0001047469-20-001629,0001116578,,PRUDENTIAL PLC,--12-31,2019,X0,454214000000,USD,2200000,USD,2200000,454214000000
0001193125-20-078974,0000717826,International Financial Reporting Standards,ERICSSON LM TELEPHONE CO,--12-31,2019,V7,276383000000,SEK,96000000,SEK,10323390.894819466,29720934850.863422
0001193125-20-077067,0000769218,,AEGON NV,--12-31,2019,,440348000000,EUR,32000000,EUR,35948800.0,494686943200.0
0001628280-20-003753,0000313807,,BP PLC,--12-31,2019,,295194000000,USD,47000000,USD,47000000,295194000000
0001193125-20-077290,0001340243,,MorphoSys AG,--12-31,2019,,496439302,EUR,872785,EUR,980486.669,557699911.8668
0001650107-20-000024,0001650107,,COCA-COLA EUROPEAN PARTNERS plc,--12-31,2019,,18685000000,EUR,6167000,EUR,6928007.8,20990729000.0
0001306965-20-000014,0001306965,,ROYAL DUTCH SHELL PLC,--12-31,2019,,404336000000,USD,50000000,USD,50000000,404336000000
0000919574-20-002350,0001655891,,TORM plc,--12-31,2019,,2003881000,USD,100000,USD,100000,2003881000
0001193125-20-068594,0001649373,International Financial Reporting Standards,SANTANDER UK GROUP HOLDINGS PLC,--12-31,2019,X0,288488000000,GBP,10400000,GBP,13732204.983544897,380920803008.9328
0001193125-20-067338,0000110390,,UNILEVER N V,--12-31,2019,,64806000000,EUR,5000000,EUR,5617000.0,72803060400.0
0001193125-20-067343,0000217410,,UNILEVER PLC,--12-31,2019,,64806000000,EUR,5000000,EUR,5617000.0,72803060400.0
0000950103-20-004861,0001471055,,BANCO SANTANDER (Brasil) S.A.,--12-31,2019,,762237452000,BRL,360990000,BRL,89805825.45341808,189626758548.35352
0000891478-20-000017,0000891478,,"Banco Santander, S.A.",--12-31,2019,,1522695000000,EUR,98200000,EUR,110317880.0,1710595563000.0
0001193125-20-065064,0001131399,International Financial Reporting Standards,GlaxoSmithKline plc,--12-31,2019,X0,79692000000,GBP,200000,GBP,264080.8650681711,105225661495.06346
0001562762-20-000105,0001039765,International Financial Reporting Standards,ING GROEP NV,--12-31,2019,P7,888520000000,EUR,21000000,EUR,23591400.0,998163368000.0
0001121404-20-000006,0001121404,International Financial Reporting Standards,Sanofi,--12-31,2019,I0,112736000000,EUR,14000000.0,EUR,15727600.0,126647622400.0
0001104659-20-028557,0000901832,,ASTRAZENECA PLC,--12-31,2019,X0,61377000000,USD,3900000,USD,3900000,61377000000
0000842180-20-000006,0000842180,,"BANCO BILBAO VIZCAYA ARGENTARIA, S.A.",--12-31,2019,,365374000000,EUR,6500000,EUR,7302100.0,410461151600.0
0000912958-20-000002,0000912958,,MILLICOM INTERNATIONAL CELLULAR SA,--12-31,2019,,12856000000,USD,6800000,USD,6800000,12856000000
0001193125-20-052322,0000858446,,INTERCONTINENTAL HOTELS GROUP PLC /NEW/,--12-31,2019,,1784000000,USD,3000000,USD,3000000,1784000000
0001104659-20-026118,0000844150,,ROYAL BANK OF SCOTLAND GROUP PLC,--12-31,2019,X0,723039000000,GBP,32700000,GBP,43177221.43864598,954703822990.127
0001104659-20-025681,0001000184,International Financial Reporting Standards,SAP SE,--12-31,2019,2M,60215000000,EUR,3000000,EUR,3370200.0,67645531000.0
0000313216-20-000011,0000313216,International Financial Reporting Standards,KONINKLIJKE PHILIPS NV,--12-31,2019,P7,27016000000,EUR,8400000,EUR,9436560.0,30349774400.0
0000930413-20-000534,0001160106,,Lloyds Banking Group plc,--12-31,2019,,833893000000,GBP,1500000,GBP,1980606.4880112836,1101075924071.4622
0001104659-20-024167,0000352960,,SWEDISH EXPORT CREDIT CORP /SWED/,--12-31,2019,,317296000000,SEK,10000000,SEK,1075353.218210361,34120527472.527473
0001140361-20-003746,0001359711,,MICRO FOCUS INTERNATIONAL PLC,--10-31,2019,,14294800000,USD,16700000,USD,16700000,14294800000
0001047469-20-000960,0001333141,,FRESENIUS MEDICAL CARE AG & Co. KGaA,--12-31,2019,,32934735000,EUR,10113000,EUR,11360944.2,36998881299.0
0001193125-20-042817,0000929869,,RELX PLC,--12-31,2019,X0,13789000000,GBP,8200000,GBP,10827315.467795016,18207055242.125057
0000814052-20-000023,0000814052,,TELEFONICA S A,--12-31,2019,,118877000000,EUR,17540000,EUR,19704436.0,133546421800.0
0001628280-20-001784,0001089113,,HSBC HOLDINGS PLC,--12-31,2019,,1426616000000,USD,86100000,USD,86100000,1426616000000
0001562762-20-000053,0000312070,International Financial Reporting Standards,BARCLAYS BANK PLC,--12-31,2019,X0,64971000000,GBP,6000000,GBP,7922425.952045134,85787989421.72072
0001562762-20-000049,0000312069,International Financial Reporting Standards,BARCLAYS PLC,--12-31,2019,X0,1140229000000,GBP,9000000,GBP,11883638.928067701,1505563303479.0786
0001104659-19-060224,0000719245,,WESTPAC BANKING CORP,--09-30,2019,,906626000000,AUD,31369000,AUD,21181758.712637976,612194624457.398
0001493152-19-016343,0000811522,,QUARTZ MOUNTAIN RESOURCES LTD,--07-31,2019,,80562,CAD,20306,CAD,15443.473332423953,61270.417541945164
0001564590-19-038501,0001552795,,BENITEC BIOPHARMA LTD/ADR,--06-30,2019,,27426000,AUD,168398,AUD,117846.78503367833,19193018.48201084
0001047469-19-005924,0000314590,,SASOL LTD,--06-30,2019,,469968000000,ZAR,97000000,ZAR,6863004.256202636,33251467879.165367
0001193125-19-270437,0001075880,International Financial Reporting Standards,KAZIA THERAPEUTICS LTD,--06-30,2019,,21177000,AUD,120000,AUD,83977.32873336619,14819899.088220797
0001104659-19-052941,0001166272,,GENETIC TECHNOLOGIES LTD,--06-30,2019,,3265005,AUD,288000,AUD,201545.58896007884,2284886.651675702
0001656081-19-000025,0001656081,,Endava plc,--06-30,2019,,222678000,GBP,836000,GBP,1058720.209891821,282002032.1749891
0001193125-19-252176,0001506184,International Financial Reporting Standards,IMMUTEP Ltd,--06-30,2019,,40541499,AUD,274078,AUD,191802.8192048628,28371389.907220304
0001193125-19-245975,0000811809,,BHP Group Ltd,--06-30,2019,,100861000000,USD,4033000,USD,4033000,100861000000
0001193125-19-245975,0000811809,,BHP Group Ltd,--06-30,2019,,100861000000,USD,4033000,USD,4033000,100861000000
0001564590-19-034304,0001345099,,MESOBLAST LTD,--06-30,2019,,652115000,USD,690245,USD,690245,652115000
0001213900-19-016984,0001131343,,ALTERITY THERAPEUTICS LTD,--06-30,2019,C3,19909918,AUD,279622,AUD,195682.5717923443,13933181.07450304
0001437749-19-017368,0001681348,,VivoPower International PLC,--06-30,2019,,45881000,USD,,USD,,45881000
0000835403-19-000005,0000835403,,DIAGEO PLC,--06-30,2019,,31296000000,GBP,100000,GBP,126641.173432036,39633621637.289986
0000930413-19-002179,0001167831,,Lloyds Bank plc,--12-31,2018,,593524000000,GBP,3800000,GBP,4864006.796865393,759711781605.983
0001558370-19-006523,0001038683,,Ryanair Holdings plc,--03-31,2019,,13250700000,EUR,500000,EUR,561783.3333333333,14888044830.0
0001493152-19-010661,0001175596,,AMARC RESOURCES LTD,--03-31,2019,,798801,CAD,33106,CAD,24791.25437661068,598177.9371500933
0001104659-19-034465,0000839923,,VODAFONE GROUP PUBLIC LTD CO,--03-31,2019,,148175000000,EUR,17000000,EUR,19100633.333333332,166484490833.3333
0001193125-19-165811,0000820534,,BRITISH TELECOMMUNICATIONS PLC /ADR,--03-31,2019,,,,8118000,GBP,10641169.841257494,
0001004315-19-000071,0001004315,,NATIONAL GRID PLC,--03-31,2019,,62963000000,GBP,14000000,GBP,18351364.594432734,82532640639.94774
0001193125-19-154789,0000756620,,BT Group plc,--03-31,2019,,,,8165000,GBP,10702777.99382452,
0001213900-19-007519,0001546383,,KBS Fashion Group Ltd,--12-31,2018,,61166006,USD,122908,USD,122908,61166006
0001558370-19-003523,0001698287,,"Banco Santander Mexico S.A., Institucion de Banca Multiple, Grupo Financiero Santander Mexico",--12-31,2018,,1408724000000,MXN,88000000,MXN,4479795.128067188,71713578545.35593
0001553350-19-000453,0000793628,,CHINA NATURAL RESOURCES INC,--12-31,2018,,7743000,CNY,1000000,CNY,145394.97911137636,1125793.3232593872
0001144204-19-022386,0001470683,,"China Ceramics Co., Ltd",--12-31,2018,,,,1628000,CNY,236703.0259933207,
0001558370-19-003539,0001267482,,SEMICONDUCTOR MANUFACTURING INTERNATIONAL CORP,--12-31,2018,,14424320000,USD,1372000,USD,1372000,14424320000
0001558370-19-003652,0001326089,,Sundance Energy Australia Ltd,--12-31,2018,,802079000,USD,704000,USD,704000,802079000
0001493152-19-006059,0001712641,,Biofrontera AG,--12-31,2018,,39133000,EUR,580000,EUR,664100.0,44807285.0
0001654954-19-004916,0000868822,,CANARC RESOURCE CORP,--12-31,2018,,17511000,CAD,36000,CAD,26414.610701698173,12848506.888817688
0001193125-19-123895,0001117795,,CHINA MOBILE LTD /ADR/,--12-31,2018,,7729000000,CNY,108000000,CNY,15702657.744028648,1123757793.551828
0001104659-19-024232,0001123658,,CHINA PETROLEUM & CHEMICAL CORP,--12-31,2018,,1592308000000,CNY,94000000,CNY,13667128.03646938,231513588398.87747
0001193125-19-124886,0000908732,,SINOPEC SHANGHAI PETROCHEMICAL CO LTD,--12-31,2018,,41991606000,CNY,7800000,CNY,1134080.8370687356,6105368677.223146
0001193125-19-122432,0001041668,,CHINA SOUTHERN AIRLINES CO LTD,--12-31,2018,,246949000000,CNY,15000000,CNY,2180924.6866706456,35905144696.57528
0001654954-19-004904,0001369128,,DIGATRADE FINANCIAL CORP.,--12-31,2018,,527193,CAD,100144,CAD,73479.57705863506,386822.16276834346
0001193125-19-121544,0000806968,,WPP plc,--12-31,2018,,2940900000,GBP,1400000,GBP,1792002.5041083028,3764357260.2372193
0001193125-19-117973,0001012139,,GUANGSHEN RAILWAY CO LTD,--12-31,2018,,35402237000,CNY,8400000,CNY,1221317.8245355617,5147307509.110996
0000950103-19-005015,0001095595,,CNOOC LTD,--12-31,2018,,483124000000,CNY,52000000,CNY,7560538.913791572,70243803888.20459
0001144204-19-019848,0000929058,,HUANENG POWER INTERNATIONAL INC,--12-31,2018,,419903311000,CNY,68750000,CNY,9995904.813907124,61051833131.64278
0001634621-19-000026,0001038143,,ORANGE,--12-31,2018,,95326000000,EUR,10600000,EUR,12137000.0,109148270000.0
0001342874-19-000026,0001342874,,TERNIUM S.A..,--12-31,2018,,12547862000,USD,3937000,USD,3937000,12547862000
0001104659-19-021186,0001674657,,Motif Bio plc,--12-31,2018,,18724000,USD,435000,USD,435000,18724000
0001144204-19-019340,0001464591,,GeoPark Ltd,--12-31,2018,,862660000,USD,797000,USD,797000,862660000
0001193125-19-097487,0000938323,,PEARSON PLC,--12-31,2018,,7905000000,GBP,6000000,GBP,7680010.731892725,10118414139.268665
0001171843-19-002218,0001190723,,Tenaris SA,--12-31,2018,,7971311000,USD,3841000,USD,3841000,7971311000
0001104659-19-018866,0001122535,,TELE2 AB,--12-31,2018,,82644000000,SEK,103000000,SEK,11500468.073487539,9227618286.070915
0001628280-19-003618,0000313807,,BP PLC,--12-31,2018,,282176000000,USD,39000000,USD,39000000,282176000000
0001193125-19-092671,0000717826,,ERICSSON LM TELEPHONE CO,--12-31,2018,,268761000000,SEK,102000000,SEK,11388813.043647854,30008517474.743538
0001558370-19-002655,0001421876,,GALAPAGOS NV,--12-31,2018,,1439496000,EUR,414600,EUR,474717.0,1648222920.0
0001599298-19-000008,0001599298,,Summit Therapeutics plc,--01-31,2019,,59767000,GBP,160000,GBP,209879.19340473635,78399060.95138048
0000842180-19-000005,0000842180,,"BANCO BILBAO VIZCAYA ARGENTARIA, S.A.",--12-31,2018,,676689000000,EUR,6700000,EUR,7671500.0,774808905000.0
0001558370-19-002525,0001612940,,ProQR Therapeutics N.V.,--12-31,2018,,110231000,EUR,181000,EUR,207245.0,126214495.0
0001558370-19-002436,0001697862,,ARGENX SE,--12-31,2018,,578458000,EUR,648000,EUR,741960.0,662334410.0
0000950103-19-003668,0001471055,,BANCO SANTANDER (Brasil) S.A.,--12-31,2018,,723865007000,BRL,359468000,BRL,92617205.22052206,186504372865.6616
0001558370-19-002417,0000891478,,"Banco Santander, S.A.",--12-31,2018,,1443069000000,EUR,90000000,EUR,103050000.0,1652314005000.0
0001159508-19-000025,0001159508,,Deutsche Bank Aktiengesellschaft,--12-31,2018,,48851000000,EUR,60000000,EUR,68700000.0,55934395000.0
0001193125-19-083004,0000769218,,AEGON NV,--12-31,2018,,392633000000,EUR,37000000,EUR,42365000.0,449564785000.0
0001047469-19-001527,0001116578,,PRUDENTIAL PLC,--12-31,2018,,508645000000,GBP,2100000,GBP,2688003.756162454,651066509787.2626
0001292814-19-000802,0001606457,,Atento S.A.,--12-31,2017,,1330305000,USD,2677000,USD,2677000,1330305000
0001193125-19-075779,0001303523,,British American Tobacco p.l.c.,--12-31,2018,,146342000000,GBP,6300000,GBP,8064011.268487361,187318021754.44086
0001140625-19-000013,0001140625,,Equinor ASA,--12-31,2018,,112508000000,USD,7100000,USD,7100000,112508000000
0001193125-19-076716,0001131399,,GLAXOSMITHKLINE PLC,--12-31,2018,,58066000000,GBP,26200000,GBP,33536046.862598233,74324583859.6805
0001650107-19-000025,0001650107,,COCA-COLA EUROPEAN PARTNERS plc,--12-31,2018,,18216000000,EUR,6120000,EUR,7007400.0,20857320000.0
0001564590-19-007740,0001306965,,ROYAL DUTCH SHELL PLC,--12-31,2018,,399194000000,USD,47000000,USD,47000000,399194000000
0001193125-19-073431,0001340243,,MorphoSys AG,--12-31,2018,,538763757,EUR,468803,EUR,536779.435,616884501.765
0001193125-19-069971,0001087711,,SANTANDER UK PLC,--12-31,2018,,314505000000,GBP,8300000,GBP,10624014.845784936,402566962538.98694
0001193125-19-070417,0000110390,,UNILEVER N V,--12-31,2018,,59456000000,EUR,16000000,EUR,18320000.0,68077120000.0
0001193125-19-070426,0000217410,,UNILEVER PLC,--12-31,2018,,59456000000,EUR,16000000,EUR,18320000.0,68077120000.0
0001193125-19-068446,0000849395,,CRH PUBLIC LTD CO,--12-31,2018,,35173000000,EUR,19000000,EUR,21755000.0,40273085000.0
0001562762-19-000074,0001039765,,ING GROEP NV,--12-31,2018,,884603000000,EUR,19000000,EUR,21755000.0,1012870435000.0
0001193125-19-068632,0001649373,,SANTANDER UK GROUP HOLDINGS PLC,--12-31,2018,,314500000000,GBP,9300000,GBP,11904016.634433724,402560562530.0437
0001193125-19-068926,0001121404,,Sanofi,--12-31,2018,,1590000000,EUR,16800000,EUR,19236000.0,1820550000.0
0001104659-19-012881,0000901832,,ASTRAZENECA PLC,--12-31,2018,,60651000000,USD,3800000,USD,3800000,60651000000
0001193125-19-055722,0000858446,,INTERCONTINENTAL HOTELS GROUP PLC /NEW/,--12-31,2018,,3753000000,USD,3300000,USD,3300000,3753000000
0000912958-19-000005,0000912958,,MILLICOM INTERNATIONAL CELLULAR SA,--12-31,2018,,10316000000,USD,6700000,USD,6700000,10316000000
0001193125-19-055997,0000929869,,RELX PLC,--12-31,2018,,13999000000,GBP,6800000,GBP,8704012.162811756,17918745039.294376
0001104659-19-011451,0000844150,,ROYAL BANK OF SCOTLAND GROUP PLC,--12-31,2018,,561000000,GBP,33900000,GBP,43392060.6351939,718081003.4319698
0001104659-19-011304,0001000184,,SAP SE,--12-31,2018,,51491000000,EUR,9000000,EUR,10305000.0,58957195000.0
0000313216-19-000007,0000313216,,KONINKLIJKE PHILIPS NV,--12-31,2018,,26019000000,EUR,6500000,EUR,7442500.0,29791755000.0
0000930413-19-000675,0001160106,,Lloyds Banking Group plc,--12-31,2018,,797598000000,GBP,1500000,GBP,1920002.6829731814,1020926866622.6957
0001104659-19-010362,0000352960,,SWEDISH EXPORT CREDIT CORP /SWED/,--12-31,2018,,302033000000,SEK,8000000,SEK,893240.2387174787,33723503627.56953
0001193125-19-046606,0000312070,,BARCLAYS BANK PLC,--12-31,2018,,67428000000,GBP,10000000,GBP,12800017.886487875,86307960605.01045
0001193125-19-046499,0000312069,,BARCLAYS PLC,--12-31,2018,,1133283000000,GBP,8000000,GBP,10240014.3091903,1450604267045.2642
0000814052-19-000029,0000814052,,TELEFONICA S A,--12-31,2018,,114047000000,EUR,18410000,EUR,21079450.0,130583815000.0
0001047469-19-000562,0001333141,,FRESENIUS MEDICAL CARE AG & Co. KGaA,--12-31,2018,,26242268000,EUR,7845000,EUR,8982525.0,30047396860.0
0001628280-19-001584,0001089113,,HSBC HOLDINGS PLC,--12-31,2018,,1365587000000,USD,87500000,USD,87500000,1365587000000
0001140361-19-003564,0001359711,,MICRO FOCUS INTERNATIONAL PLC,--10-31,2018,,16780555000,USD,14110000,USD,14110000,16780555000
0001104659-18-064930,0001166272,,GENETIC TECHNOLOGIES LTD,--06-30,2018,,6165981,AUD,288200,AUD,212536.78347644466,4547181.709635224
0001564590-18-025473,0001552795,,BENITEC BIOPHARMA LTD/ADR,--06-30,2018,,21339000,AUD,240806,AUD,177585.47079052302,15736719.023608092
0001193125-18-305893,0001075880,,KAZIA THERAPEUTICS LTD,--06-30,2018,,28175000,AUD,131000,AUD,96607.62885292938,20778014.83153653
0001193125-18-302492,0001506184,,IMMUTEP Ltd,--06-30,2018,,46998783,AUD,258570,AUD,190685.7602481065,34659854.844300516
0001493152-18-014505,0000811522,,QUARTZ MOUNTAIN RESOURCES LTD,--07-31,2018,,75034,CAD,20400,CAD,15650.045757615375,57563.01634200549
0001144204-18-053730,0001413257,,AGRIA CORP,--06-30,2018,,536590000,USD,333000,USD,333000,536590000
0001656081-18-000004,0001656081,,Endava plc,--06-30,2018,,151014000,GBP,522000,GBP,686320.2437373054,198551657.6393591
0001193125-18-275568,0000811809,,BHP BILLITON LTD,--06-30,2018,,111993000000,USD,3909000,USD,3909000,111993000000
0001193125-18-275568,0000811809,,BHP BILLITON LTD,--06-30,2018,,111993000000,USD,3909000,USD,3909000,111993000000
0001564590-18-022521,0001345099,,MESOBLAST LTD,--06-30,2018,,692443000,USD,620837,USD,620837,692443000
0001493152-18-010723,0001175596,,AMARC RESOURCES LTD,--03-31,2018,,3624647,CAD,190132,CAD,147604.52374528814,2813909.779415287
0001437749-18-014094,0001713721,,RhythmOne plc,--03-31,2018,,419466000,USD,705000,USD,705000,419466000
0001558370-18-005863,0001038683,,RYANAIR HOLDINGS PLC,--03-31,2018,,12361800000,EUR,400000,EUR,492631.99999999994,15224545643.999998
0001437749-18-013449,0001681348,,VivoPower International PLC,--03-31,2018,,41270000,USD,,USD,,41270000
0001104659-22-116238,0000839923,,VODAFONE GROUP PUBLIC LTD CO,--03-31,2018,,145611000000,EUR,21000000,EUR,25863179.999999996,179331595380.0
0001004315-18-000038,0001004315,,NATIONAL GRID PLC,--03-31,2018,,58787000000,GBP,14100000,GBP,19845306.228800777,82740852288.8306
0001137171-18-000060,0001369128,,DIGATRADE FINANCIAL CORP.,--12-31,2017,,960108,CAD,105652,CAD,84256.83084164816,765680.3216760036
0001144204-18-025395,0001470683,,"China Ceramics Co., Ltd",--12-31,2017,,,,320000,CNY,49229.19517591539,
0001558370-18-003578,0001326089,,Sundance Energy Australia Ltd,--12-31,2017,,454618000,USD,485000,USD,485000,454618000
0001493152-18-005915,0001712641,,Biofrontera AG,--12-31,2017,,19848000,EUR,360000,EUR,433044.0,23875159.200000003
0001137171-18-000041,0000868822,,CANARC RESOURCE CORP,--12-31,2017,,19763000,USD,39000,USD,39000,19763000
0001171843-18-003182,0001190723,,Tenaris SA,--12-31,2017,,7925520000,USD,3995000,USD,3995000,7925520000
0001193125-18-141442,0000806968,,WPP plc,--12-31,2017,,3192900000,GBP,22100000,GBP,29924232.87331998,4323306929.46712
0001292814-18-001398,0001606457,,Atento S.A.,--12-31,2017,,1330305000,USD,2677000,USD,2677000,1330305000
0001193125-18-137017,0001108329,,PETROCHINA CO LTD,--12-31,2017,,2404612000000,CNY,40000000,CNY,6153649.396989424,369928479594.8383
0001558370-18-003380,0001267482,,SEMICONDUCTOR MANUFACTURING INTERNATIONAL CORP,--12-31,2017,,11918451000,USD,1413000,USD,1413000,11918451000
0001193125-18-138156,0000908732,,SINOPEC SHANGHAI PETROCHEMICAL CO LTD,--12-31,2017,,1101836000,CNY,7800000,CNY,1199961.6324129375,169507810.92453095
0001193125-18-133541,0001117795,,CHINA MOBILE LTD /ADR/,--12-31,2017,,1522113000000,CNY,107000000,CNY,16461012.136946706,234163743614.99405
0001193125-18-134851,0001041668,,CHINA SOUTHERN AIRLINES CO LTD,--12-31,2017,,218718000000,CNY,14000000,CNY,2153777.288946298,33647847220.26832
0001193125-18-132166,0001012139,,GUANGSHEN RAILWAY CO LTD,--12-31,2017,,33621101000,CNY,8400000,CNY,1292266.373367779,5172311697.369263
0001342874-18-000009,0001342874,,TERNIUM S.A..,--12-31,2017,,12122566000,USD,2863000,USD,2863000,12122566000
0000950103-18-004942,0001095595,,CNOOC LTD,--12-31,2017,,458435000000,CNY,51000000,CNY,7845902.981161514,70526206532.72116
0001604481-18-000007,0001604481,,EURONAV NV,--12-31,2017,,2810973000,USD,0,USD,0,2810973000
0001628280-18-004229,0001599298,,Summit Therapeutics plc,--01-31,2018,,53962000,GBP,132000,GBP,187046.29734956205,76465093.16346264
0001144204-18-020167,0001464591,,GeoPark Ltd,--12-31,2017,,786163000,USD,726000,USD,726000,786163000
0001144204-18-020280,0000929058,,HUANENG POWER INTERNATIONAL INC,--12-31,2017,,396589511000,CNY,64160000,CNY,9870453.632771036,61011820130.437004
0001104659-18-023117,0001674657,,Motif Bio plc,--12-31,2017,,29187882,USD,526170,USD,526170,29187882
0000842180-18-000006,0000842180,,"BANCO BILBAO VIZCAYA ARGENTARIA, S.A.",--12-31,2017,,42680000000,EUR,6800000,EUR,8179720.000000001,51339772000.0
0001193125-18-106891,0000938323,,PEARSON PLC,--12-31,2017,,7888000000,GBP,6000000,GBP,8124226.119453387,10680649271.708054
0001558370-18-002577,0001612940,,ProQR Therapeutics N.V.,--12-31,2017,,53103000,EUR,175000,EUR,210507.5,63877598.7
0001628280-18-003778,0000313807,,BP PLC,--12-31,2017,,276515000000,USD,44000000,USD,44000000,276515000000
0001104659-18-021203,0000702162,,NATIONAL WESTMINSTER BANK PLC /ENG/,--12-31,2017,,340843000000,GBP,2700000,GBP,3655901.7537540244,461514267205.4752
0001104659-18-021202,0000844150,,ROYAL BANK OF SCOTLAND GROUP PLC,--12-31,2017,,738056000000,GBP,31200000,GBP,42245975.82115762,999355638803.215
0001558370-18-002470,0000891478,,"Banco Santander, S.A.",--12-31,2017,,1444305000000,EUR,76200000,EUR,91660980.0,1737354484500.0
0001558370-18-002384,0001697862,,ARGENX SE,--12-31,2017,,370908000,EUR,205000,EUR,246594.50000000003,446165233.20000005
0001193125-18-093078,0000769218,,AEGON NV,--12-31,2017,,395923000000,EUR,42000000,EUR,50521800.0,476255776700.00006
0001558370-18-002364,0001421876,,GALAPAGOS NV,--12-31,2017,,1286274000,EUR,310000,EUR,372899.0,1547258994.6000001
0001140625-18-000007,0001140625,,Statoil ASA,--12-31,2017,,111100000000,USD,6100000,USD,6100000,111100000000
0001096056-18-000011,0001096056,,LUXFER HOLDINGS PLC,--12-31,2017,,402600000,USD,1300000,USD,1300000,402600000
0001193125-18-085342,0001159508,,Deutsche Bank Aktiengesellschaft,--12-31,2017,,8050000000,EUR,51000000,EUR,61347900.00000001,9683345000.0
0001193125-18-083410,0001303523,,British American Tobacco p.l.c.,--12-31,2017,,141038000000,GBP,6300000,GBP,8530437.425426058,190970767239.2445
0001650107-18-000022,0001650107,,COCA-COLA EUROPEAN PARTNERS plc,--12-31,2017,,18194000000,EUR,6550000,EUR,7878995.000000001,21885562600.0
0001564590-18-005735,0001306965,,ROYAL DUTCH SHELL PLC,--12-31,2017,,407097000000,USD,48000000,USD,48000000,407097000000
0001193125-18-076345,0000849395,,CRH PUBLIC LTD CO,--12-31,2017,,31633000000,EUR,20000000,EUR,24058000.0,38051335700.0
0001104659-18-015257,0000901832,,ASTRAZENECA PLC,--12-31,2017,,63354000000,USD,3000000,USD,3000000,63354000000
0001104659-18-013050,0001000184,,SAP SE,--12-31,2017,,42497000000,EUR,10000000,EUR,12029000.0,51119641300.0
0001047469-18-001100,0001333141,,FRESENIUS MEDICAL CARE AG & Co. KGaA,--12-31,2017,,24025128000,EUR,8629000,EUR,10379824.100000001,28899826471.2
0001104659-18-012133,0000352960,,SWEDISH EXPORT CREDIT CORP /SWED/,--12-31,2017,,264392000000,SEK,8000000,SEK,978360.2157370083,32333826769.892384
0001193125-18-053616,0000929869,,RELX PLC,--12-31,2017,,12283000000,GBP,6500000,GBP,8801244.96274117,16631644904.20766
0001193125-18-053616,0000929869,,RELX PLC,--12-31,2017,,12283000000,GBP,6500000,GBP,8801244.96274117,16631644904.20766
0000814052-18-000019,0000814052,,TELEFONICA S A,--12-31,2017,,115066000000,EUR,18330000,EUR,22049157.0,138412891400.0
0001628280-18-001920,0001089113,,HSBC HOLDINGS PLC,--12-31,2017,,1373407000000,USD,86000000,USD,86000000,1373407000000
0000313216-18-000007,0000313216,,KONINKLIJKE PHILIPS NV,--12-31,2017,,25315000000,EUR,16700000,EUR,20088430.0,30451413500.000004
0001493152-17-011252,0000811522,,QUARTZ MOUNTAIN RESOURCES LTD,--07-31,2017,,232153,CAD,24778,CAD,19868.144,186150.99015384619
